-- phpMyAdmin SQL Dump
-- version 4.7.4
-- https://www.phpmyadmin.net/
--
-- Host: 127.0.0.1
-- Generation Time: 28 Mei 2018 pada 03.39
-- Versi Server: 10.1.28-MariaDB
-- PHP Version: 7.0.24

SET SQL_MODE = "NO_AUTO_VALUE_ON_ZERO";
SET AUTOCOMMIT = 0;
START TRANSACTION;
SET time_zone = "+00:00";


/*!40101 SET @OLD_CHARACTER_SET_CLIENT=@@CHARACTER_SET_CLIENT */;
/*!40101 SET @OLD_CHARACTER_SET_RESULTS=@@CHARACTER_SET_RESULTS */;
/*!40101 SET @OLD_COLLATION_CONNECTION=@@COLLATION_CONNECTION */;
/*!40101 SET NAMES utf8mb4 */;

--
-- Database: `wip`
--

-- --------------------------------------------------------

--
-- Struktur dari tabel `a_group`
--

CREATE TABLE `a_group` (
  `a_group_id` int(1) UNSIGNED NOT NULL,
  `a_group_level` int(1) UNSIGNED NOT NULL,
  `a_group_menu` int(1) UNSIGNED NOT NULL,
  `a_group_status` tinyint(1) UNSIGNED NOT NULL
) ENGINE=InnoDB DEFAULT CHARSET=latin1;

--
-- Dumping data untuk tabel `a_group`
--

INSERT INTO `a_group` (`a_group_id`, `a_group_level`, `a_group_menu`, `a_group_status`) VALUES
(1, 1, 1, 1),
(2, 1, 2, 1),
(3, 1, 3, 1),
(4, 1, 4, 1),
(5, 1, 5, 1),
(6, 1, 6, 1),
(7, 1, 7, 1),
(8, 1, 8, 1),
(10, 1, 10, 1),
(12, 1, 35, 1),
(15, 1, 38, 1),
(43, 6, 1, 1),
(44, 6, 2, 1),
(45, 6, 3, 1),
(46, 6, 4, 1),
(47, 6, 5, 1),
(48, 6, 6, 1),
(49, 6, 7, 0),
(50, 6, 8, 1),
(52, 6, 10, 1),
(54, 6, 35, 1),
(57, 6, 38, 0),
(62, 7, 1, 0),
(63, 7, 2, 1),
(64, 7, 3, 1),
(65, 7, 4, 0),
(66, 7, 5, 0),
(67, 7, 6, 0),
(68, 7, 7, 0),
(69, 7, 8, 0),
(71, 7, 10, 0),
(73, 7, 35, 0),
(76, 7, 38, 0),
(96, 1, 51, 1),
(97, 6, 51, 1),
(98, 7, 51, 0),
(99, 1, 52, 1),
(100, 6, 52, 1),
(101, 7, 52, 0),
(105, 1, 54, 1),
(106, 6, 54, 0),
(107, 7, 54, 0),
(117, 1, 58, 1),
(118, 6, 58, 0),
(119, 7, 58, 1),
(120, 1, 59, 1),
(121, 6, 59, 0),
(122, 7, 59, 1),
(123, 1, 60, 1),
(124, 6, 60, 0),
(125, 7, 60, 1),
(126, 1, 61, 1),
(127, 6, 61, 0),
(128, 7, 61, 1),
(129, 1, 62, 1),
(130, 6, 62, 0),
(131, 7, 62, 0),
(132, 1, 63, 1),
(133, 6, 63, 0),
(134, 7, 63, 1),
(135, 1, 64, 1),
(136, 6, 64, 0),
(137, 7, 64, 1),
(138, 1, 65, 1),
(139, 6, 65, 0),
(140, 7, 65, 0),
(141, 1, 66, 1),
(142, 6, 66, 0),
(143, 7, 66, 0);

-- --------------------------------------------------------

--
-- Struktur dari tabel `a_level`
--

CREATE TABLE `a_level` (
  `a_level_id` int(1) UNSIGNED NOT NULL,
  `a_level_name` varchar(100) NOT NULL
) ENGINE=InnoDB DEFAULT CHARSET=latin1;

--
-- Dumping data untuk tabel `a_level`
--

INSERT INTO `a_level` (`a_level_id`, `a_level_name`) VALUES
(1, 'Administrator'),
(6, 'Supervisor'),
(7, 'User');

-- --------------------------------------------------------

--
-- Struktur dari tabel `a_menu`
--

CREATE TABLE `a_menu` (
  `a_menu_id` int(1) UNSIGNED NOT NULL,
  `a_menu_name` varchar(255) NOT NULL,
  `a_menu_parentId` int(1) UNSIGNED NOT NULL,
  `a_menu_uri` varchar(255) NOT NULL,
  `a_menu_iconCls` varchar(255) NOT NULL,
  `a_menu_type` enum('dialog','messager','tabs','window') NOT NULL
) ENGINE=InnoDB DEFAULT CHARSET=latin1 COMMENT='Admin Menu';

--
-- Dumping data untuk tabel `a_menu`
--

INSERT INTO `a_menu` (`a_menu_id`, `a_menu_name`, `a_menu_parentId`, `a_menu_uri`, `a_menu_iconCls`, `a_menu_type`) VALUES
(1, 'Master', 0, '', 'icon-master', ''),
(2, 'Transaksi', 0, '', 'icon-transaksi', ''),
(3, 'Report', 0, '', 'icon-print', ''),
(4, 'Admin', 0, '', 'icon-admin', ''),
(5, 'Setting', 0, '', 'icon-setup', ''),
(6, 'Admin User', 4, 'admin/user', 'icon-man', 'tabs'),
(7, 'Admin Menu', 4, 'admin/menu', 'icon-menu', 'tabs'),
(8, 'General', 5, 'setting/general', 'icon-general', 'dialog'),
(10, 'Master Item', 1, 'master/item', 'icon-master', 'tabs'),
(35, 'Master Kategori Proses', 1, 'master/proccat', 'icon-master', 'tabs'),
(38, 'Admin Group', 4, 'admin/group', 'icon-user', 'tabs'),
(51, 'Inquiry', 0, '', 'icon-inquiry', ''),
(52, 'Inquiry Mutasi WIP ALL', 51, 'inquiry/mutasi', 'icon-search-2', 'tabs'),
(54, 'Inquiry Rekapitulasi', 51, 'inquiry/rekap', 'icon-search-2', 'dialog'),
(58, 'Transaksi Proses', 2, 'transaksi/proses', 'icon-transaksi', 'dialog'),
(59, 'Transaksi Stock Opname', 2, 'transaksi/stock', 'icon-transaksi', 'dialog'),
(60, 'Transaksi Delivery', 2, 'transaksi/delivery', 'icon-transaksi', 'dialog'),
(61, 'Transaksi OK', 2, 'transaksi/ng', 'icon-transaksi', 'dialog'),
(62, 'Master Note NG', 1, 'master/reason', 'icon-master', 'tabs'),
(63, 'Transaksi SCRAP', 2, 'transaksi/scrap', 'icon-transaksi', 'dialog'),
(64, 'Transaksi PO', 2, 'transaksi/po', 'icon-transaksi', 'tabs'),
(65, 'Inquiry Mutasi WIP OK', 51, 'inquiry/mutasi/indexOk', 'icon-search-2', 'tabs'),
(66, 'Inquiry Mutasi WIP NG', 51, 'inquiry/mutasi/indexNg', 'icon-search-2', 'tabs');

-- --------------------------------------------------------

--
-- Struktur dari tabel `a_user`
--

CREATE TABLE `a_user` (
  `a_user_id` int(1) UNSIGNED NOT NULL,
  `a_user_name` varchar(100) CHARACTER SET latin1 COLLATE latin1_general_cs NOT NULL,
  `a_user_username` varchar(100) NOT NULL,
  `a_user_password` varchar(100) NOT NULL,
  `a_user_level` int(1) UNSIGNED NOT NULL,
  `a_user_proc` tinyint(1) UNSIGNED NOT NULL
) ENGINE=InnoDB DEFAULT CHARSET=latin1 COMMENT='Master User';

--
-- Dumping data untuk tabel `a_user`
--

INSERT INTO `a_user` (`a_user_id`, `a_user_name`, `a_user_username`, `a_user_password`, `a_user_level`, `a_user_proc`) VALUES
(1, 'Agus Setiawan', 'agus', 'c4ca4238a0b923820dcc509a6f75849b', 1, 0),
(2, 'Karyadi', 'kkyadi', 'c4ca4238a0b923820dcc509a6f75849b', 7, 16),
(3, 'Operator', 'operator', 'c4ca4238a0b923820dcc509a6f75849b', 7, 10),
(4, 'Feri Panzer', 'feri', 'c4ca4238a0b923820dcc509a6f75849b', 6, 0);

-- --------------------------------------------------------

--
-- Struktur dari tabel `g_cond`
--

CREATE TABLE `g_cond` (
  `g_cond_id` tinyint(1) UNSIGNED NOT NULL
) ENGINE=InnoDB DEFAULT CHARSET=latin1;

--
-- Dumping data untuk tabel `g_cond`
--

INSERT INTO `g_cond` (`g_cond_id`) VALUES
(0);

-- --------------------------------------------------------

--
-- Struktur dari tabel `m_computer`
--

CREATE TABLE `m_computer` (
  `m_computer_id` int(1) UNSIGNED NOT NULL,
  `m_computer_name` varchar(50) NOT NULL,
  `m_computer_ip` varchar(45) NOT NULL,
  `m_computer_process_cat` tinyint(1) UNSIGNED NOT NULL
) ENGINE=InnoDB DEFAULT CHARSET=latin1;

--
-- Dumping data untuk tabel `m_computer`
--

INSERT INTO `m_computer` (`m_computer_id`, `m_computer_name`, `m_computer_ip`, `m_computer_process_cat`) VALUES
(1, 'HL1', '::1', 16),
(2, 'SL1', '453454', 30),
(3, 'TR1', '192.168.0.161', 5),
(14, 'RL1', '10.3.4.6', 27),
(15, 'fdfg', '192.168.0.9', 16),
(16, 'ggv', '192.168.0.85', 16),
(17, 'HL3', '192.168.0.47', 16),
(18, 'RL6', '192.168.0.48', 27),
(19, 'asd', '192.168.0.251', 30),
(20, 'note2', '192.168.4.100', 16),
(21, 'fu', '10.1.1.4', 5),
(22, 'FU1', '10.1.1.6', 15),
(23, 'PL1', '10.3.4.2', 19);

-- --------------------------------------------------------

--
-- Struktur dari tabel `m_item`
--

CREATE TABLE `m_item` (
  `m_item_id` int(1) UNSIGNED NOT NULL,
  `m_item_name` varchar(50) NOT NULL,
  `m_item_ext_id` int(1) UNSIGNED NOT NULL
) ENGINE=InnoDB DEFAULT CHARSET=latin1;

--
-- Dumping data untuk tabel `m_item`
--

INSERT INTO `m_item` (`m_item_id`, `m_item_name`, `m_item_ext_id`) VALUES
(10000001, 'BMK 3 X 6.5 NI ±', 18000004),
(10000002, 'BMK 4 X 8 NI -', 10000002),
(10000003, 'BMK 6 X 10 NI -', 0),
(10000004, 'BMK 6 X 12.5 BC -', 0),
(10000005, 'BMN 3 X 4.3 NI D6T0.5', 0),
(10000006, 'BMN 4 X 6 NI D8T0.8', 0),
(10000007, 'BMN 4 X 8 NI D8T0.8', 0),
(10000008, 'BMN 4 X 12 NI D8T0.8', 0),
(10000009, 'BMP 3 X 4.3 NI ?', 0),
(10000010, 'BMP 4 X 6 BC', 18000010),
(10000011, 'SMB 3 X 6 MC', 19000015),
(10000012, 'SMB 3 X 6 ZK', 0),
(10000013, 'SMB 3 X 8 MC', 0),
(10000014, 'SMB 3 X 8 ZK', 0),
(10000015, 'SMB 3 X 10 MC', 0),
(10000016, 'SMB 3 X 10 ZK', 0),
(10000017, 'SMB 3 X 12 MC', 0),
(10000018, 'SMB 3 X 20 MC', 0),
(10000019, 'SMB 3.5 X 7.2 MC ? BLANK 1.6', 0),
(10000020, 'SMB 4 X 6 MC ?', 0),
(10000021, 'SMB 4 X 6 ZK ?', 0),
(10000022, 'SMB 4 X 8 MC', 0),
(10000023, 'SMB 4 X 10 MC', 0),
(10000024, 'SMB 4 X 10 NI', 0),
(10000025, 'SMB 4 X 12 ZK', 0),
(10000026, 'SMB 4 X 15 MC', 0),
(10000027, 'SMB 4 X 16 MC PZ', 0),
(10000028, 'SMB 4 X 20 MC', 0),
(10000029, 'SMB 5 X 10 ZK', 0),
(10000030, 'SMB 5 X 25 MC', 0),
(10000031, 'SMB 6 X 8 GR', 0),
(10000032, 'SMB 6 X 16 GR', 0),
(10000033, 'SMB 6 X 16 ZK', 0),
(10000034, 'SMF 3 X 6 NI', 0),
(10000035, 'SMF 4 X 12 MC', 0),
(10000036, 'SMF 5 X 12 MC', 0),
(10000037, 'SMF 5 X 12 UC', 0),
(10000038, 'SMF 5 X 12 ZK', 0),
(10000039, 'SMF 5 X 30 UC', 0),
(10000040, 'SMF 6 X 12 UC', 0),
(10000041, 'SMF 6 X 15 UC D10', 0),
(10000042, 'SMF 6 X 15 NI D10', 0),
(10000043, 'SMF 6 X 20 GR', 0),
(10000044, 'SMF 6 X 20 UC', 0),
(10000045, 'SMF 6 X 30-24 GR', 0),
(10000046, 'SMH 4 X 8 MC UPSET', 0),
(10000047, 'SMH 4 X 12 MC +', 0),
(10000048, 'SMH 4 X 18 MC TRIMING', 0),
(10000049, 'SMH 4 X 20 MC TRIMING', 0),
(10000050, 'SMH 6 X 14 UC +', 0),
(10000051, 'SMH 6 X 15 MC G4', 0),
(10000052, 'SMH 6 X 15 UC G4', 0),
(10000053, 'SMH 6 X 20 UC G4', 0),
(10000054, 'SMH 6 X 22 MC 45KT', 0),
(10000055, 'SMH 6 X 30 MC', 0),
(10000056, 'SMH 6 X 45 MC G4', 0),
(10000057, 'SMH 6 X 55 MC G4', 0),
(10000058, 'SMH 8 X 15 MC TR G4 K13', 0),
(10000059, 'SMH 8 X 15 ZK TR G4 K13', 0),
(10000060, 'SMH 8 X 20 MC TR G4 K13', 0),
(10000061, 'SMH 8 X 20 NI TR G4 K13', 0),
(10000062, 'SMH 8 X 20 ZK TR G4 K13', 0),
(10000063, 'SMH 8 X 25 MC TR G4 K12', 0),
(10000064, 'SMH 8 X 60-18 MC3 G4 K12', 0),
(10000065, 'SMH 8 X 25 ZK TR G4 K13', 0),
(10000066, 'SMH 8 X 30 UC TR G4 K13', 0),
(10000067, 'SMH 8 X 35 UC TR G4 K13', 0),
(10000068, 'SMH 8 X 45 MC TR G4 K12', 0),
(10000069, 'SMH 8 X 45 UC TR G4 K13', 0),
(10000070, 'SMH 8 X 60 MC TR G4 K12', 0),
(10000071, 'SMK 3 X 8.2 MC -', 0),
(10000072, 'SMK 5 X #10-24X37.7 UC', 0),
(10000073, 'SMK 5 X 12 MC -', 0),
(10000074, 'SMK 5 X 50 KZ', 0),
(10000075, 'SMK 5 X M5X37.7 MC', 0),
(10000076, 'SMK 6 X 14 KZ', 0),
(10000077, 'SMKS 3 X 25 ZK', 0),
(10000078, 'SMN 3 X 6 NI D8T0.5', 0),
(10000079, 'SMN 3 X 8 MC D8T0.5', 0),
(10000080, 'SMN 3 X 8 ZK D8T0.5', 0),
(10000081, 'SMN 3 X 10 ZK D8T0.5', 0),
(10000082, 'SMN 3 X 12 MC D8T0.5', 0),
(10000083, 'SMN 3 X 16 ZK D8T0.5', 0),
(10000084, 'SMN 4 X 6 MC ? D8T0.8', 0),
(10000085, 'SMN 4 X 6 MC D9T0.8', 0),
(10000086, 'SMN 4 X 8 MC ? D8T0.8', 0),
(10000087, 'SMN 4 X 8 MC D9T0.8', 0),
(10000088, 'SMN 4 X 10 MC D9T0.8', 0),
(10000089, 'SMN 5 X 8 ZK D12T1.1', 0),
(10000090, 'SMO #10-3 X 1 3/8 UC UNF', 0),
(10000091, 'SMO 3 X 13.5 MC ?', 0),
(10000092, 'SMO 3 X 17.4-4 UC ?', 0),
(10000093, 'SMO 4 X 18 ZK', 0),
(10000094, 'SMO 6 X 100-25 ZK', 0),
(10000095, 'SMO 6 X 110-25 ZK', 0),
(10000096, 'SMP 2.3 X 6 ZK', 0),
(10000097, 'SMP 2.6 X 4 MC', 0),
(10000098, 'SMP 3 X 4 NI ?', 0),
(10000099, 'SMP 3 X 5 ZK', 0),
(10000100, 'SMP 3 X 6 MC', 0),
(10000101, 'SMP 3 X 6 UC', 0),
(10000102, 'SMP 3 X 6 ZK', 0),
(10000103, 'SMP 3 X 6 NI ?', 0),
(10000104, 'SMP 3 X 8 MC', 0),
(10000105, 'SMP 3 X 8 UC', 0),
(10000106, 'SMP 3 X 8 ZK', 0),
(10000107, 'SMP 3 X 10 MC', 0),
(10000108, 'SMP 3 X 10 ZK', 0),
(10000109, 'SMP 3 X 14 MC', 0),
(10000110, 'SMP 3 X 15.5 MC ? 12A', 0),
(10000111, 'SMP 3.5 X 7.2 MC ? D7', 0),
(10000112, 'SMP 3.5 X 10 ZK', 0),
(10000113, 'SMP 4 X 5 MC', 0),
(10000114, 'SMP 4 X 6 GR', 0),
(10000115, 'SMP 4 X 6 MC', 0),
(10000116, 'SMP 4 X 6 NI', 0),
(10000117, 'SMP 4 X 7 NI ? D5.5', 0),
(10000118, 'SMP 4 X 8 MC', 0),
(10000119, 'SMP 4 X 8 NI', 0),
(10000120, 'SMP 4 X 12 MC', 0),
(10000121, 'SMP 4 X 12 UC', 0),
(10000122, 'SMP 4 X 12 ZK', 0),
(10000123, 'SMP 4 X 12 MC ? D5.5', 0),
(10000124, 'SMP 4 X 15 MC', 0),
(10000125, 'SMP 4 X 15 UC', 0),
(10000126, 'SMP 4 X 16 MC', 0),
(10000127, 'SMP 4 X 18 MC', 0),
(10000128, 'SMP 4 X 20 MC', 0),
(10000129, 'SMP 4 X 25 MC', 0),
(10000130, 'SMP 4 X 34.2 MC', 0),
(10000131, 'SMP 4 X 40 MC', 0),
(10000132, 'SMP 5 X 6 MC', 0),
(10000133, 'SMP 5 X 6 ZK', 0),
(10000134, 'SMP 5 X 8 MC', 0),
(10000135, 'SMP 5 X 8 ZK', 0),
(10000136, 'SMP 5 X 10 MC', 0),
(10000137, 'SMP 5 X 10 UC', 0),
(10000138, 'SMP 5 X 10 ZK', 0),
(10000139, 'SMP 5 X 12 MC', 0),
(10000140, 'SMP 5 X 12 ZK', 0),
(10000141, 'SMP 5 X 15 MC', 0),
(10000142, 'SMP 5 X 15 ZK', 0),
(10000143, 'SMP 5 X 16 UC', 0),
(10000144, 'SMP 5 X 20 MC', 0),
(10000145, 'SMP 5 X 20 UC', 0),
(10000146, 'SMP 5 X 20 ZK', 0),
(10000147, 'SMP 5 X 25 ZK', 0),
(10000148, 'SMP 5 X 30 ZK', 0),
(10000149, 'SMP 5 X 35 ZK', 0),
(10000150, 'SMP 5 X 40 ZK', 0),
(10000151, 'SMP 5 X 45 ZK', 0),
(10000152, 'SMP 5 X 50 ZK', 0),
(10000153, 'SMP 5 X M5X18 MC LEFT', 0),
(10000154, 'SMP 6 X 8 GR', 0),
(10000155, 'SMP 6 X 8 ZK', 0),
(10000156, 'SMP 6 X 10 GR', 0),
(10000157, 'SMP 6 X 10 UC', 0),
(10000158, 'SMP 6 X 10 ZK', 0),
(10000159, 'SMP 6 X 12 UC ?', 0),
(10000160, 'SMP 6 X 15 UC', 0),
(10000161, 'SMP 6 X 40-25 GR', 0),
(10000162, 'SMP 6 X 60-25 GR', 0),
(10000163, 'SMQ 8 X 65-53 UC', 0),
(10000164, 'SMT 4 X 6 GR', 0),
(10000165, 'SMT 4 X 6 MC', 0),
(10000166, 'SMT 4 X 8 MC', 0),
(10000167, 'SMT 4 X 10 MC', 0),
(10000168, 'SMT 4 X 10 UC', 0),
(10000169, 'SMT 4 X 10 ZK', 0),
(10000170, 'SMT 4 X 12 MC', 0),
(10000171, 'UMT 4 X 12 SUS', 0),
(10000172, 'SMT 4 X 12 UC', 0),
(10000173, 'SMT 4 X 12 ZK', 0),
(10000174, 'SMT 4 X 16 MC', 0),
(10000175, 'SMT 4 X 18 MC', 0),
(10000176, 'SMT 4 X 20 MC', 0),
(10000177, 'SMT 4 X 35 MC', 0),
(10000178, 'SMT 5 X 7 NI', 0),
(10000179, 'SMT 5 X 8 ZK', 0),
(10000180, 'SMT 5 X 10 GR', 0),
(10000181, 'SMT 5 X 12 GR', 0),
(10000182, 'SMT 5 X 16 GR', 0),
(10000183, 'SMT 5 X 16 MC', 0),
(10000184, 'SMT 5 X 20 ZK', 0),
(10000185, 'SMT 6 X 8 ZK', 0),
(10000186, 'SMT 6 X 10 UC', 0),
(10000187, 'SMT 6 X 12 GR', 0),
(10000188, 'SMT 6 X 12 NC', 0),
(10000189, 'SMT 6 X 16 GR', 0),
(10000191, 'SMT 6 X 30-25 GR', 0),
(10000192, 'SMT 6 X 40-25 GR', 0),
(10000193, 'SMT 6 X 40-27 NI', 0),
(10000194, 'SMT 6 X 45-25 GR', 0),
(10000195, 'SMT W/S 4 X 8 MC', 0),
(10000196, 'SMX 6 X 25 GR D16T1.2', 0),
(10000197, 'SMX W/S 6 X 30 HO ?', 0),
(10000198, 'SMX W/S 6 X 40 HO ?', 0),
(10000199, 'UMB 4 X 8 SUS', 0),
(10000201, 'UMB 4 X 10 SUS', 0),
(10000202, 'UMB 4 X 12 SUS', 0),
(10000203, 'UMB 5 X 10 SUS', 0),
(10000204, 'UMB 5 X 12 SUS', 0),
(10000205, 'UMB 5 X 15 SUS', 0),
(10000206, 'UMB 6 X 8 SUS', 0),
(10000207, 'UMB 6 X 10 SUS', 0),
(10000208, 'UMB 6 X 16 SUS', 0),
(10000209, 'UMF 4 X 6 SUS D6', 0),
(10000210, 'UMF 4 X 8 SUS D7', 0),
(10000211, 'UMF 4 X 8 SUS D8', 0),
(10000212, 'UMF 4 X 10 SUS D7', 0),
(10000213, 'UMF 4 X 10 SUS D8', 0),
(10000214, 'UMF 4 X 12 SUS D8', 0),
(10000215, 'UMF 4 X 15 SUS D8', 0),
(10000216, 'UMF 4 X 20 SUS D7', 0),
(10000217, 'UMF 4 X 20 SUS D8', 0),
(10000218, 'UMF 4 X 25 SUS D8', 0),
(10000219, 'UMF 4 X 35 SUS D8', 0),
(10000220, 'UMF 5 X 30 SUS', 0),
(10000221, 'UMP 4 X 12 SUS', 0),
(10000222, 'UMR 4 X 6 SUS', 0),
(10000223, 'UMR 4 X 8 SUS', 0),
(10000224, 'UMR 4 X 10 SUS', 0),
(10000225, 'UMR 4 X 15 SUS', 0),
(10000226, 'UMR 4 X 20 SUS', 0),
(10000227, 'UMR 4 X 35 SUS', 0),
(10000228, 'UMT 4 X 14 SUS', 0),
(10000229, 'UMT 5 X 6 SUS', 0),
(10000230, 'UMT 5 X 12 SUS BP', 0),
(10000231, 'WELD BOLT 5 X 20 KZ', 0),
(10000232, 'WELD BOLT 6 X 16 KZ TOP', 0),
(10000233, 'WELD BOLT 8 X 16 KZ D18', 0),
(10000234, 'SMK 6 X 10 MC -', 0),
(10000235, 'SMT 6.5 X M5X12.8 UC', 0),
(10000236, 'SMP 4 X 35 UC', 0),
(10000237, 'SMB 5 X 20 ZK', 0),
(10000238, 'SMW 8 X 12 MC G4 KMI', 0),
(10000239, 'SMW #8-32 X 9 ZK + D8.5', 0),
(10000240, 'UMT 4 X 8 SUS', 0),
(10000241, 'UMT 6 X 8 SUS', 0),
(10000242, 'SMW # 10-24 X 13 NI + D10 SPC', 0),
(10000243, 'SMP 4 X 12 MC ?', 0),
(10000244, 'SMB 3 X 8 MC AST', 0),
(10000245, 'SMB 3 X 10 ZK AST', 0),
(10000246, 'SMP 4 X 6 MCB', 0),
(10000247, 'SMP 3 X 5 MC', 0),
(10000248, 'UMH 8 X 15 SUS TR K13', 0),
(10000249, 'SMH 6.3 X 5X28-14 UC', 0),
(10000250, 'SMKS 6 X M6X34-10 ZK', 0),
(10000251, 'SMP 6 X 12 UC', 0),
(10000252, 'UMT 5 X 16 SUS BP', 0),
(10000253, 'BMK W/S 4 X 10 BC -', 0),
(10000254, 'SMP 5 X 35-20 UC', 0),
(10000255, 'UMF 5 X 12 SUS', 0),
(10000256, 'SMN 4 X 8 MC D8T0.8', 0),
(10000257, 'SMB 6 X 12 GR', 0),
(10000258, 'SMP 2.6 X 6 MC', 0),
(10000260, 'SMP 5 X 16 GR', 0),
(10000261, 'SMP 5 X 8 GR', 0),
(10000262, 'SMTS 4 X 10 MC 2PT', 0),
(10000263, 'SMF 6 X 16 UC', 0),
(10000264, 'SMB 4 X 23 MC PZ', 0),
(10000265, 'SMP 5 X 8 UC', 0),
(10000266, 'SMP 3 X 7 MC', 0),
(10000267, 'SMP 4 X 14 MC', 0),
(10000268, 'SMW 6 X 10 MC G4', 0),
(10000269, 'SMW 6 X 25 MC G4 KMI', 0),
(10000270, 'SMW 6 X 14 MC G4 KMI', 0),
(10000271, 'SMP 2.6 X 5 MC', 0),
(10000272, 'SMO 4 X 30 ZK', 0),
(10000273, 'SMO 4 X 25 ZK', 0),
(10000274, 'SMT 4 X 25 ZK', 0),
(10000275, 'UMH 10 X 16 SUS TR K17 P1.5', 0),
(10000276, 'UMH 10 X 25 SUS TR K17 P1.5', 0),
(10000277, 'BMK W/S 3 X 6 BC -', 0),
(10000278, 'SMP 6 X 35 UC', 0),
(10000279, 'WELD BOLT 6 X 12 KZ', 0),
(10000280, 'SMH 8 X 25 UC TR G4 K13', 0),
(10000281, 'SMO 4 X 20 ZK', 0),
(10000282, 'SMK 5 X #10-24x37.7 KZ', 0),
(10000283, 'SMK 5 X M5X37.7 KZ', 0),
(10000284, 'SMH 10 X 20 UC TR K17 P1.5', 0),
(10000285, 'SMP 4 X 10 ZK', 0),
(10000286, 'WELD BOLT 5 X 14 KZ', 0),
(10000287, 'UMF 4 X 25 SUS D7', 0),
(10000288, 'SMF 4 X 35 UC', 0),
(10000289, 'SMH 4 X 26 MC TRIMING', 0),
(10000290, 'SMH 5 X 15 MC +', 0),
(10000291, 'UMX 6 X 12 SUS D16T1.2', 0),
(10000292, 'SMH 8 X 20 UC TR G4 K13', 0),
(10000293, 'SMT 5 X 16 NC', 0),
(10000294, 'SMX 6 X 18 ZK D16T1.2', 0),
(10000295, 'SMH 10 X 20 ZK TR K17  P1.5', 0),
(10000296, 'UMF 5 X 28-9 SUS D12', 0),
(10000297, 'SMK 3 X 5 MC -', 0),
(10000298, 'UMH 8 X 20 SUS TR K13', 0),
(10000299, 'SMP 4 X 12 MC3 ?', 0),
(10000300, 'SMP 4 X 8 MC3', 0),
(10000301, 'SMP 5 X 6 MC3', 0),
(10000302, 'SMT 4 X 8 MC3', 0),
(10000303, 'SMP 5 X M5X18 MC3 LEFT', 0),
(10000304, 'SMT 4 X 12 MC3', 0),
(10000305, 'SMB 3.5 X 7.2 MC3 ? BLANK 1.6', 0),
(10000306, 'SMO 3 X 13.5 MC3 ?', 0),
(10000308, 'SMP 3 X 15.5 MC3 ? 12A', 0),
(10000309, 'SMO 3 X 17.4-4 MC3 ?', 0),
(10000310, 'SMH 10 X 25 MC TR K17 P1.5', 0),
(10000311, 'UMF 4 X 40 SUS D7', 0),
(10000312, 'SMB 3 X 8 NI', 0),
(10000313, 'UMH 6 X 20 SUS TR', 0),
(10000314, 'SMP 6 X 25 UC', 0),
(10000315, 'SMF 5 X 15 UC', 0),
(10000316, 'SMT 5 X 20 MC3', 0),
(10000317, 'SMB 5 X 16 ZK', 0),
(10000318, 'SMH 8 X 60 MC3 TR G4 K12', 0),
(10000319, 'UMH 10 X 35 SUS TR K17 P1.5', 0),
(10000320, 'SMP 3 X 6 MC3', 0),
(10000321, 'UMP 5 X 12 SUS', 0),
(10000322, 'SMP 4 X 18 MC ?', 0),
(10000323, 'SMP 4 X 12 NI ?', 0),
(10000324, 'SMK 5 X 10 MC -', 0),
(10000325, 'UMT 6 X 10 SUS D16', 0),
(10000326, 'SMP 5 X 20 MC3', 0),
(10000327, 'SMT W/S 4 X 8 MC3', 0),
(10000328, 'SMT 4 X 10 MC3', 0),
(10000329, 'SMK 5 X M5X37.7 MC3', 0),
(10000330, 'SMP 4 X 10 NI ?', 0),
(10000331, 'SMW 8 X 16 GR G4 KMI', 0),
(10000332, 'SMK 8 X M8X41 ZN KMI', 0),
(10000333, 'SMK 5 X #10-24X37.7 MC3', 0),
(10000334, 'SMP 3 X 6 GR', 0),
(10000335, 'SMB 4 X 10 MC3', 0),
(10000336, 'SMP 5 X 12 GR', 0),
(10000337, 'SMH 6 X 20 GR', 0),
(10000338, 'SMT 6 X 16 NI D17.5', 0),
(10000339, 'UMX 6 X 10 SUS D16T1.2 BP', 0),
(10000340, 'SMP 6 X 8 MC', 0),
(10000341, 'SMW 6 X 6 ZK D16T1.2', 0),
(10000342, 'UMF 4 X 30 SUS D7', 0),
(10000343, 'SMO 6 X 15 NI', 0),
(10000344, 'SMW # 10-24 X 13 MC + D10 SPC', 0),
(10000345, 'SMH 6 X 22 MC3 45KT', 0),
(10000346, 'SMT 4 X 35 UC', 0),
(10000347, 'SMW #8-32 X 9 MC + D8.5', 0),
(10000348, 'SMB 5 X 20 MC', 0),
(10000349, 'SMW # 10-24 X 13 ZK + D10 SPC', 0),
(10000350, 'SMO 4 X 14.5 ZK', 0),
(10000351, 'WELD BOLT 6 X 30 KZ', 0),
(10000352, 'SMH 4 X 18 MC', 0),
(10000353, 'SMH 4 X 20 MC', 0),
(10000354, 'SMT 6 X 16 NC D17.5', 0),
(10000355, 'SMB 5 X 5.5 UC', 0),
(10000356, 'SMB 5 X 8 UC', 0),
(10000357, 'SMB 3 X 8 MC3', 0),
(10000358, 'SMP 3 X 8 EB', 0),
(10000359, 'SMT 5 X 8 EB', 0),
(10000360, 'SMP 5 X 8 EB', 0),
(10000361, 'SMB 4 X 6 EB ?', 0),
(10000362, 'SMB 3 X 6 MC3', 0),
(10000363, 'SMB 3 X 6 EB', 0),
(10000364, 'SMP 6 X 12 GR', 0),
(10000365, 'SMH 6 X 16 GR TR UT', 0),
(10000366, 'SMB 4 X 8 MC3', 0),
(10000367, '(F)SMP 6 X 20 GR D18T1.6', 0),
(10000368, 'SMK 5 X #10-24X31.2 MC3', 0),
(10000369, 'SMP 3 X 15 MC3', 0),
(10000370, 'SMKW 3 X 14 MC - D5.5', 0),
(10000371, 'SMK 5 X 10 MC ? PZ H 2.5', 0),
(10000372, 'SMK 5 X 13 UC ?  PZ H 3.0', 0),
(10000373, 'SMT 5 X 12 ZK D14', 0),
(10000374, 'SMP 6 X 15 ZK', 0),
(10000375, 'SMB 4 X 20 MC3', 0),
(10000376, 'SMF 4 X 8 EB', 0),
(10000377, 'SMF 4 X 8 ZK', 0),
(10000378, 'SMH 8 X 15 MC3 TR G4 K13', 0),
(10000379, 'SMH 5 X 15 MC3 +', 0),
(10000380, 'SMO 6 X 20 UC', 0),
(10000381, 'SMF 8 X 15 UC', 0),
(10000382, 'SMH 4 X 26 MC', 0),
(10000383, 'SMT 4 X 15 MC3', 0),
(10000384, 'SMK 2.5 X 5 NI - D5.5', 0),
(10000385, 'SMK 2.5 X 10 UC - D4.5', 0),
(10000386, 'SMP 4 X 15 MC3', 0),
(10000387, 'BMK 6 X 11.5 NI - UT D8', 0),
(10000388, 'SMP 6 X 20 EB', 0),
(10000389, 'SMF 6 X 16 GR 6.8T', 0),
(10000390, 'SMP 3 X 5 EB', 0),
(10000391, 'SMP 6 X 8 UC', 0),
(10000392, '(A)SMH 6 X 12 MCB +', 0),
(10000393, '(A)SMH 6 X 20-15 MCB +', 0),
(10000394, 'SMH 8 X 16 MC TR G4 K12', 0),
(10000395, 'WELD BOLT 8 X 18 KZ D18', 0),
(10000396, 'WELD BOLT 8 X 14 KZ D18', 0),
(10000397, 'WELD BOLT 8 X 35 KZ D18', 0),
(10000398, 'WELD BOLT 8 X M8X20-16 KZ', 0),
(10000399, 'SMP 4 X 10 MC3 ?', 0),
(10000400, 'SMP 6 X 12 GR G6.8', 0),
(10000401, 'SMP 4 X 6 MC3', 0),
(10000402, 'SMP 6 X 30 UC', 0),
(10000403, 'WELD BOLT 6 X M6X12-9 KZ D12', 0),
(10000404, 'SMT 6 X 40 UC', 0),
(10000405, 'UMT 6 X 12 SUS D16', 0),
(10000406, 'BMH 5 X 10 BC', 0),
(10000407, 'BMP 4 X 7 TN ? D5.5', 0),
(10000408, 'BMP 4 X 12 TN ? D5.5', 0),
(10000409, 'SMP 5 X 30 GR 6.8T', 0),
(10000410, 'SMB 3 X 12 MC3', 0),
(10000411, 'SMH 5 X 10 MC +', 0),
(10000412, 'SMH 8 X 20-18 MC G4 K12', 0),
(10000413, 'SMH 8 X 30-18 MC G4 K12', 0),
(10000414, 'SMH 8 X 60-18 MC G4 K12', 0),
(10000415, 'SMP 5 X 12 EB', 0),
(10000416, 'SMH 8 X 100-18 MC G4 K12', 0),
(10000417, 'SMP 3 X 11 MC', 0),
(10000418, 'SMT 6 X 35-12 UC', 0),
(10000419, 'SMH 6 X 8 UC +', 0),
(10000420, 'WELD BOLT 6 X 10 KZ', 0),
(10000421, 'SMB 4 X 6 MC3 ?', 0),
(10000422, 'SMH 5 X 10 MC3 +', 0),
(10000423, 'SMT 5 X 14 CR', 0),
(10000424, 'SMP 6 X 25 GR 6.8T', 0),
(10000425, 'SMB 2.3 X 7 ZK UT  LT', 0),
(10000426, 'SMK 5 X 10 MC - D5.5', 0),
(10000427, 'UMB 6 X 14 SUS', 0),
(10000428, 'SMO 4 X 20 EB', 0),
(10000429, 'SMB 4 X 14-10 MC3 ? UT D7T2.6', 0),
(10000430, 'SMP 6 X 8 MC3', 0),
(10000431, 'SMP 4 X 12 EB', 0),
(10000432, 'BMB 3 X 14 NI ?', 0),
(10000433, 'BMB 3 X 12 NI ?', 0),
(10000434, 'SMK 6 X 20 CR -', 0),
(10000435, 'SMP 3 X 7 KZ', 0),
(10000436, 'SMP 5 X 7 MC', 0),
(10000437, 'SMH 8 X 55 KZ TR G4 K13', 0),
(10000438, 'SMK 5 X 10 NI - D5.5', 0),
(10000439, 'SMK 5 X M5X40,2-13 MC3', 0),
(10000440, 'SMP 6 X 20 GR 6.8T', 0),
(10000441, 'SMK 6 X 17.5 MC - 8 MIKRON', 0),
(10000442, 'SMH 5 X 10 UC TR', 0),
(10000443, 'SMF 6 X 23 MC3 D9.5', 0),
(10000444, 'UMT 7.5 X M5X12.5 SUS SOCK BP', 0),
(10000445, 'SMP 4 X 14 KZ', 0),
(10000446, 'SMKW 3 X 14 NI - D5.5', 0),
(10000447, 'SMT 6 X 12 EB', 0),
(10000448, 'SMT 6 X 16 EB', 0),
(10000449, 'SMT 5 X 12 EB', 0),
(10000450, 'SMH 6 X 40-38A UC +', 0),
(10000451, 'SMP 6 X 16 EB 6.8T', 0),
(10000452, 'SMP 5 X 12 EB 6.8T', 0),
(10000453, 'SMP 6 X 10 EB 6.8T', 0),
(10000454, 'UMO 8 X 25 SUS TB', 0),
(10000455, 'SMH 8 X 20 ZK TR G4 K13 UR', 0),
(10000456, 'SMN W/S 3 X 5,65 MC', 0),
(10000457, 'SMN W/S 4 X 6 MC D9T1', 0),
(10000458, 'SMH 6 X M6X16-7 MC3', 0),
(10000459, 'SMF 4 X 12 MC3', 0),
(10000460, 'SMP 5 X 12 MC3', 0),
(10000461, 'SMO 6 X 110-25 EB', 0),
(10000462, 'SMH 4 X 20 NI', 0),
(10000463, 'WELD BOLT 8 X 30-23A KZ UT', 0),
(10000464, 'SMT 6 X 45-25 EB', 0),
(10000465, 'SMT 4 X 35 MC3', 0),
(10000466, 'UMT 6 X 30 SUS', 0),
(10000468, 'SMK 5 X 10-8.5 MC TR K8', 0),
(10000469, 'SMF 4 X 30 MC3', 0),
(10000470, 'SMT 6 X 35-25 MC3', 0),
(10000471, 'SMT 6 X 16 MC3', 0),
(10000472, 'SMH 10 X M6X14-10 MC3 TR', 0),
(10000473, 'WELD BOLT 8,4 X M8X35 KZ D18', 0),
(10000474, 'SMH 6 X M6X22-8 MC3', 0),
(10000475, 'SMT 5 X 12 MC3', 0),
(10000476, 'UMT 5 X 8 SUS SOCK D9.5', 0),
(10000477, 'SMF 4 X 32 MC3', 0),
(10000478, 'SMP 4 X 15 ZK', 0),
(10000479, 'SMP 4 X 20 MC3', 0),
(10000480, 'SMP 4 X 16 MC3 8M 20C', 0),
(10000481, 'SMN CUP 2 X 6 ZK D4.5T0.4', 0),
(10000482, 'SMF 6 X 16 MC3 6.8T', 0),
(10000483, 'SMH 8 X 20 MC3 TR G4 k13', 0),
(10000484, 'SMB 4 X 10 EB', 0),
(10000485, 'UMT 6 X 12 SUS SOCK LT', 0),
(10000486, 'SMF 5 X 16 EB', 0),
(10000487, 'SMP 6 X 12 EB G6.8', 0),
(10000488, 'SMP 6 X 10 MC3 6.8T', 0),
(10000489, 'SMT 6 X 45-25 MC3', 0),
(10000490, 'SMT 6 X 12 MC3', 0),
(10000491, 'SMN 4 X 10 ZK D9T0.8', 0),
(10000492, 'BMK 6 X 11.5 NI - UT', 0),
(10000493, 'SMT 5 X 20 UC', 0),
(10000494, 'SMB 5 X 14 GR', 0),
(10000495, 'SMB 6 X 12 UC', 0),
(10000496, 'UMT 5 X 20 SUS', 0),
(10000497, 'SMN 4 X 8 MC D9.5T0.6', 0),
(10000498, 'SMB 3 X 8 EB', 0),
(10000499, 'SMH 8 X 50 KZ 4T K12', 0),
(10000500, 'SMT 5 X 8 NI', 0),
(10000501, 'SMB 5 X 6 UC', 0),
(10000502, 'BMK 4 X 8 TN -', 0),
(10000503, 'SMP 6 X 25 MC', 0),
(10000504, 'SMF 6 X 16 UC LT', 0),
(10000505, 'SMF 6 X 16 EB 6.8T', 0),
(10000506, 'SMT 5 X 16 EB', 0),
(10000507, 'SMH 8 X 35 ZK 4T TR K13', 0),
(10000508, 'SMP 5 X 16 MC3 TB', 0),
(10000509, 'SMT 6 X 16 ZK', 0),
(10000510, 'SMF 5 X 12 EB', 0),
(10000511, 'SMF 4 X 35 MC3', 0),
(10000512, 'SMH 6 X 12 KZ 6T TR K10', 0),
(10000513, 'SMH 6 X 8 MC3 +', 0),
(10000514, 'SMT 6 X 35-12 MC3', 0),
(10000515, 'SMP 5 X 30 MC3', 0),
(10000516, 'UMT 5 X 20 SUS BP', 0),
(10000517, 'SMT 5 X 40 EB UT D14', 0),
(10000518, 'WELD BOLT 6 X 12 KZ 35K', 0),
(10000519, 'SMF 4 X 35 EB', 0),
(10000520, 'SMF 5 X 12 EB TB', 0),
(10000521, 'SMF 5 X 16 EB TB', 0),
(10000522, 'WELD BOLT 6 X 20-17A KZ D14.5', 0),
(10000523, 'SMP 5 X 18 MC3 TB', 0),
(10000524, 'SMP 5 X 35 EB', 0),
(10000525, 'SMB 5 X 20 GR', 0),
(10000526, 'SMP 5 X 25 EB', 0),
(10000527, 'SMP 5 X 45 EB', 0),
(10000528, 'UMK 6 X 20 SUS', 0),
(10000529, 'SMB 5 X 8 GR 20K', 0),
(10000530, 'UMK 5 X 18 SUS', 0),
(10000531, 'UMK 6 X 18 SUS', 0),
(10000532, 'SMB 4 X 12 MC3', 0),
(10000533, 'SMB 4 X 14 MC3', 0),
(10000534, 'SMB 4 X 16 EB', 0),
(10000535, 'UMK 8 X 35 SUS', 0),
(10000536, 'UMK 5 X 13 SUS', 0),
(10000537, 'UMK 8 X 25 SUS', 0),
(10000538, 'SMT 6 X 35-25 EB', 0),
(10000539, 'SMB 4 X 12 EB', 0),
(10000540, 'SMF 6 X 30 EB', 0),
(10000541, 'SMF 5 X 10 UC', 0),
(10000542, 'SMP 5 X 25 MC', 0),
(10000543, 'SMH 6 X 20 MC3 G4', 0),
(10000544, 'UMS 6 X 15 SUS KNURL UT', 0),
(10000545, 'SMP 5 X 10 MC3', 0),
(10000546, 'SMO 6 X 40 MC3 12A', 0),
(10000547, 'SMT 4 X 8 ZK', 0),
(10000548, 'SMF 6 X 10 UC', 0),
(10000549, 'SMT 5 X 6 MC3', 0),
(10000550, 'SMF 6 X 16 MC3 LT', 0),
(10000551, 'SMP 5 X 8 MC3', 0),
(10000552, 'SMW 6 X 10 MC3 G4 KMI', 0),
(10000553, 'SMT 5 X 20 NI', 0),
(10000554, 'SMX 6 X 18 EB D16T1.2', 0),
(10000555, 'SMP 5 X 16 MC3', 0),
(10000556, 'WELD BOLT 8 X 20 KZ UT D18', 0),
(10000557, 'SMW 6 X 14 MC3 G4 KMI', 0),
(10000558, 'SMW 8 X 12 MC3 G4', 0),
(10000559, 'SMP 6 X 12 MC3', 0),
(10000560, 'SMW 8 X 16 MC3 G4 KMI', 0),
(10000561, 'SMP 5 X 16 MC3 6.8', 0),
(10000562, 'WELD BOLT 6 X 16 KZ 4T D14', 0),
(10000563, 'SMW 6 X 25 MC3 G4 KMI', 0),
(10000564, 'SMO 6 X 30 UC', 0),
(10000565, 'SMK 5 X M5X15-11 MC3', 0),
(10000566, 'SMB 6 X 16 EB', 0),
(10000567, 'SMB 6 X 50 EB', 0),
(10000568, 'WELD BOLT 10.7 X M10X20-16 KZ D22T4', 0),
(10000569, 'SMT 5 X 10 MC3', 0),
(10000570, 'SMO 4 X 25 MC3 ?', 0),
(10000571, 'SMT 5 X 30 ZK', 0),
(10000572, 'WELD BOLT 8 X 20 KZ 6T UT D16', 0),
(10000573, 'WELD BOLT 8 X 30 KZ 6T UT D16', 0),
(10000574, 'SMH 8 X 100-18 MC3 G4 K12', 0),
(10000575, 'SMP 5 X 20 EB', 0),
(10000576, 'SMT 5 X 14 EB', 0),
(10000577, 'SMH 8 X M8X60-22 MC3 4T TR K13', 0),
(10000578, 'SMB 6 X 20 EB', 0),
(10000579, 'SMF 4 X 10.5 EB UT TDW', 0),
(10000580, 'SMF 8 X 35 EB', 0),
(10000581, 'SMKS 3 X 25 MC3', 0),
(10000582, 'WELD BOLT 6 X 12 KZ 20C', 0),
(10000583, 'WELD BOLT 6 X 14 KZ 20C', 0),
(10000584, 'SMT 6 X 40 MC3 UT', 0),
(10000585, 'WELD BOLT 6 X M6X12-10 KZ 4T D14', 0),
(10000586, 'SWF 4.1 X 45 KZ', 0),
(10000587, 'SWF 5.1 X 25 KZ', 0),
(10000588, 'SWF 4.5 X 50 KZ', 0),
(10000589, 'SWR 3.5 X 22 MC', 0),
(10000590, 'SWR 3.5 X 16 MC', 0),
(10000591, 'SMP 5 X 30 EB', 0),
(10000592, 'WELD BOLT 8 X 35 MC3 D18', 0),
(10000593, 'SMP 5 X 50 EB', 0),
(10000594, 'SMP 5 X 40 EB', 0),
(10000595, 'WELD BOLT 8 X 16 KZ 6T D14 4-S', 0),
(10000596, 'SWR 3.8 X 32 ZK', 0),
(10000597, 'SWF 3.1 X 13 BR', 0),
(10000598, 'BMN 5 X 8 BR D10T1', 0),
(10000599, 'SMK 8.8 X M6X29-10 MC', 0),
(10000600, 'SMK SQ 8.8 X M6X26-10 MC', 0),
(10000601, 'SMP 5 X 50 EB 8M 12A', 0),
(10000602, 'SMK 6.8 X M6X15-11 UC 8M', 0),
(10000603, 'SWR 3.1 X 13 KZ', 0),
(10000604, 'SWF 3.5 X 20 MC', 0),
(10000605, 'SWF 3.5 X 32 KZ', 0),
(10000606, 'SWF 3.5 X 38 KZ', 0),
(10000607, 'SWM 4.5 X 25 MC ?', 0),
(10000608, 'SWR 4.5 X 25 MC ?', 0),
(10000609, 'SWF 5.1 X 32 KZ', 0),
(10000610, 'SWF 8 X 8.4X80-53 KZ', 0),
(10000611, 'SWF 4.1 X 40 KZ', 0),
(10000612, 'SWF 3.5 X 16 MC', 0),
(10000613, 'SWF 3.5 X 25 KZ', 0),
(10000614, 'SWF 6.8 X 75-50 KZ', 0),
(10000615, 'SMK 6 X 15.5 UC', 0),
(10000616, 'SMH 6 X 30 MC3', 0),
(10000617, 'SMB 4 X 8 EB', 0),
(10000618, 'SMT 6 X 10 EB', 0),
(10000619, 'SMO 4 X 20 EB 20 K', 0),
(10000620, 'SWF 8X7 X 8X115-50-20 KZ', 0),
(10000621, 'SMH 8 X M8X22 EB G6.8', 0),
(10000622, 'SMH 6 X 8 MC3 + 20C', 0),
(10000623, 'SMP 6 X 16 MC3 6.8T', 0),
(10000624, 'SMT 6 X 30-25 MC3 6.8', 0),
(10000625, 'SMT 9 X M6X16 NI-K 6.8 D16', 0),
(10000626, 'SMB 4 X 14 EB', 0),
(10000627, 'WELD BOLT 5 X 12 MC3 4T UT', 0),
(10000628, 'SWR 4.5 X 25 MC3 ?', 0),
(10000629, 'SMK SQ 9 X M6X27-21.5 MC', 0),
(10000630, 'SWR 2.7 X 10 SUS', 0),
(10000631, 'HANG BOLT 8 X 40 MC3', 0),
(10000632, 'SMB 5 X 30 EB', 0),
(10000633, 'SMB 5 X 40 EB', 0),
(10000634, 'SMB 5 X 20 EB', 0),
(10000635, 'WELD BOLT 10 X 30 KZ D21.5 P1.25', 0),
(10000636, 'SMB 5 X 16 EB', 0),
(10000637, 'SMB 2.3 X 10 MC3', 0),
(10000638, 'SMF 5 X 40 EB', 0),
(10000639, 'SMF 10 X 30 EB P1.5', 0),
(10000640, 'SMB 4 X 6 MC3', 0),
(10000641, 'SMS 4 X 8 EB 4T KNURL', 0),
(10000642, 'SMB 6 X 14 GR 20C', 0),
(10000643, '(C)SMH 1/4-20 X 15 MC3 6.8T TR K11', 0),
(10000644, 'SMP 4 X 12 MC3 TB 2411', 0),
(10000645, 'SMO 6 X 17 NI', 0),
(10000646, 'SMH 6 X M6X55-18 EB 4T TR UT K10', 0),
(10000647, 'SMB 5 X 8 EB 20C', 0),
(10000648, 'SMF 4 X 16 MC3', 0),
(10000649, 'SMF 5 X 12 MC3 6.8', 0),
(10000650, 'SMF 5 X 20 MC3 6.8', 0),
(10000651, 'SMP 6 X 20-8.5 MC3 20C', 0),
(10000652, 'SMT 5 X 12 MC3 6.8T', 0),
(10000653, 'SMT 6 X 16 MC3 6.8 C/3', 0),
(10000654, 'SWF 6.2 X 63-42 KZ', 0),
(10000655, 'SMF 4 X 10 MC3', 0),
(10000656, 'SMF 5 X 16 MC3 6.8 C3', 0),
(10000657, 'WELD BOLT 6 X 10 KZ UT', 0),
(10000658, 'SMP 4 X 12 CF', 0),
(10000659, 'SWF 6.2 X 75-50 KZ', 0),
(10000660, 'SWF 8 X 8.2X38-25 KZ', 0),
(10000661, 'SWF 8 X 8.3X85-57 KZ', 0),
(10000662, 'SMT 6 X 18 EB UT', 0),
(10000663, 'SMK SQ 8 X M6X30.8-27A MC3 6T TR', 0),
(10000664, 'WELD BOLT 8 X 16 MC3 4T D18', 0),
(10000665, 'SMP 3 X 6 EB', 0),
(10000666, 'WELD BOLT 10 X M10X31-15A MC3 D20', 0),
(10000667, 'SMH 10 X 30-20 MC 6.8 TR K14 P1.25', 0),
(10000668, 'WELD BOLT 6 X 14 KZ 6T UT D14.5 DOT', 0),
(10000669, 'SMT 6 X 8 EB', 0),
(10000670, 'SWF 8 X 8.3X45-30 KZ', 0),
(10000671, 'SMH 10 X 35-20 MC 6.8 TR K14 P1.25', 0),
(10000672, 'SMKS 6 X M6X36 ZK', 0),
(10000673, 'SMK 6.8 X M6X15-11 UC 8M DOT', 0),
(10000674, 'BMK 4 X 8 BC ?', 0),
(10000675, 'SMB 2.5 X 16 MC3', 0),
(10000676, 'SWF 8 X 8.4X90-60 KZ', 0),
(10000677, 'SMK 6.8 X M6X26-22 EB', 0),
(10000678, 'SMK 10 X 20 MC3 35C P1.25', 0),
(10000679, 'SMT 6 X 14 MC3 ?', 0),
(10000680, 'SMT 6 X 10 MC3 6.8', 0),
(10000681, 'SMH 10 X 20 MC3 TR K17 P1.5', 0),
(10000682, 'SMN CUP 2 X 6 EB D4.5T0.4', 0),
(10000683, 'SMN 4 X 8 MC3 D9.5T0.6', 0),
(10000684, 'SWR 3.1 X 13 MC', 0),
(10000685, 'SMT 5 X 20 MC3 6.8T', 0),
(10000686, 'SMP 6 X 50 EB 6.8T', 0),
(10000687, 'SMT 9 X M6X16 EB 6.8 D16', 0),
(10000688, 'SMT 9 X M6X16 NI-K 6.8 D18', 0),
(10000689, 'SMT 9 X M6X15.6 NI-K 6.8 D18', 0),
(10000690, 'SWF SPC 3.8 X 20 MC3', 0),
(10000691, '(A)SMP 6 X 25 MC3', 0),
(10000692, 'SWF SPC 3.8 X 15 MC3', 0),
(10000693, 'SMB 2.5 X 14 MC3', 0),
(10000694, 'SMB SPC 2.5 X 16 MC3', 0),
(10000695, 'SMH 6 X M6X55-18 EB 6.8 TR UT K10', 0),
(10000696, 'SMP 4 X 10 EB', 0),
(10000697, 'SMT 5 X 16 MC3 6.8T', 0),
(10000698, 'SMK 6.8 X M6X15-11 UC 8M TSSI', 0),
(10000699, 'SMB 4 X 50 EB', 0),
(10000700, 'UMT 5 X M5X16-9 SUS SOCK UT', 0),
(10000701, 'WELD BOLT 8 X 22 KZ 4.8T UT D16', 0),
(10000702, 'HANG BOLT 10 X 65 MC', 0),
(10000703, 'SMH 8 X M6X30-13 MC3 6.8 TR K10', 0),
(10000704, 'SMB 2.5 X 20 MC3', 0),
(10000705, 'SMP 4 X 25 KZ', 0),
(10000706, 'SWM 4.5 X 25 MC3 ?', 0),
(10000707, 'SWR 3.5 X 22 MC3', 0),
(10000708, 'SWF 3.5 X 20 MC3', 0),
(10000709, 'SWR 3.5 X 16 MC3', 0),
(10000710, 'SMO 3 X 6 MC3 TB 2430', 0),
(10000711, 'SMO SPC 3 X 5.5 MC3 DOT', 0),
(10000712, 'WELD BOLT 5 X 14 KZ D12 TOP', 0),
(10000713, 'BMK 4 X 10 BC -', 0),
(10000714, 'SMK 6.8 X M6X15-11 CF 8M DOT', 0),
(10000715, 'SMP SPC 5 X 25 KZ', 0),
(10000716, 'BMT 4 X 10 BC ?', 0),
(10000717, 'SMH 6 X 14 MC3 4T TR K10 TB', 0),
(10000718, 'SMB 3 X 20 MC3', 0),
(10000719, 'SMK 7 X M5X12,2 MC +', 0),
(10000720, 'SMB 8 X 40 EB', 0),
(10000721, 'SMF 8 X 19.2 KZ UT 25C', 0),
(10000722, 'SMK W/S 4 X 20 MC3 +', 0),
(10000723, 'WELD BOLT 6 X 10 KZ 4T D12', 0),
(10000724, 'SWF 4.5 X 45-30 KZ', 0),
(10000725, 'SWF 4.5 X 38-25 KZ', 0),
(10000726, 'SWF 4.5 X 56-37 KZ', 0),
(10000727, 'SWF 6.2 X 40-26 KZ', 0),
(10000728, 'SWF 6.2 X 56-37 KZ', 0),
(10000729, 'SWF 5.1 X 32 MC3', 0),
(10000730, 'SWF 4.5 X 32-22 KZ', 0),
(10000731, 'SWF 5.1 X 45-30 KZ', 0),
(10000732, 'SMP 5 X 10 MC3 6.8T', 0),
(10000733, 'SMF 3.5 X 12 UC', 0),
(10000734, 'SMK 4 X 16 EB + D10', 0),
(10000735, 'SMB 4 X 12 CF', 0),
(10000736, 'SMB 6 X 110-40 EB', 0),
(10000737, 'SMN 4 X 8 EB D10T0.8', 0),
(10000738, 'SMK SQ 10 X M5X13-11 CF UT', 0),
(10000739, 'SMK SPC 8 X M6X43-8 MC3', 0),
(10000740, 'SMT 8 X M6X12 NC SOCK', 0),
(10000741, 'SWF 2.7 X 12 KZ', 0),
(10000742, 'SMB 3 X 10 MC3', 0),
(10000743, 'SMH 6 X M6X22-11 KZ + TR 6.8 K10', 0),
(10000744, 'SMK 3 X 3 EB +', 0),
(10000745, 'SMP 4.5 X 12.1 NI - P0.5', 0),
(10000746, 'SMH 10 X M10X106-34 MC3 35C UT', 0),
(10000747, 'SMP 6 X 23.5-13A KZ', 0),
(10000748, 'SMH 12 X M12X111-34 MC3 6.8 UT K19 P1.75', 0),
(10000749, 'SMP 3 X 8 CF', 0),
(10000750, 'SMP 3 X 6 CF', 0),
(10000751, 'SMB 3 X 10 CF', 0),
(10000752, 'SMB 5 X 8 CF 20C', 0),
(10000753, 'SMF 6 X 12 CF 5.8 DOT', 0),
(10000754, 'SWF 3.1 X 13 EB', 0),
(10000755, 'SMT 9 X M6X16 UC 6.8 D16', 0),
(10000756, 'SMT 9 X M6X15.6 UC 6.8 D18', 0),
(10000757, 'SMK 6 X 15.9-13.9A MC3 6.8 UT', 0),
(10000758, 'SMF 6 X 40 MC3', 0),
(10000759, 'SWF 5.1 X 63-42 KZ', 0),
(10000760, 'SMP 3 X 8 MC3', 0),
(10000761, 'SMB 6 X 12 CF 20K', 0),
(10000762, 'SMB 6 X 16 KF 20K', 0),
(10000763, 'SMB 6 X 12 KF 20K', 0),
(10000764, 'SMB 5 X 20 KF 20K', 0),
(10000765, 'SMP 5 X 16 KF 20K', 0),
(10000766, 'SMK SPC 6 X M6X36-10 KF 12A', 0),
(10000767, 'SMP 6 X 10 KF 20K', 0),
(10000768, 'SMP 5 X 12 KF 20K', 0),
(10000769, 'SMP 6 X 12 KF 20K', 0),
(10000770, 'SMB 6 X 14 KF 20K', 0),
(10000771, 'SMH 6 X 16 KF 20K TR UT', 0),
(10000772, 'SMN 5 X 17 EB 12A TORX D10T1', 0),
(10000773, 'SMKW 5 X 11-10A UC ?', 0),
(10000774, 'SMN 7.3 X M5X17.4-8.7 EB 12A TORX', 0),
(10000775, 'SMK 6.8 X M6X15-11 CF 8M', 0),
(10000776, 'SMK SQ 8.8 X M6X26-10 CF', 0),
(10000777, 'WELD BOLT 8 X 40 MC3 6T UT D16', 0),
(10000778, 'WELD BOLT 8 X 12 KZ 6T UT D16', 0),
(10000779, 'WELD BOLT 8 X 35 KZ 6T UT D16', 0),
(10000780, 'SMB 5 X 8 KF 20K', 0),
(10000781, 'SMB 5 X 14 KF', 0),
(10000782, 'SMH 6 X M6X33-13 EB 6.8 TR UT K10', 0),
(10000783, 'SMB 6 X 40 EB', 0),
(10000784, 'SMK 8.8 X M6X29-10 CF', 0),
(10000785, 'SMO 4 X 20 KF', 0),
(10000786, 'SMP 3 X 11 CF', 0),
(10000787, 'SMP 3 X 6 KF', 0),
(10000788, 'SMT 5 X 20 EB', 0),
(10000789, 'SMT 6 X 75 MC3', 0),
(10000790, 'SMH 5 X 15 MC3 4T TR K8', 0),
(10000791, 'SMT 5 X 12 KF D14', 0),
(10000792, 'UMP 5 X 28 MC3 UR', 0),
(10000793, 'SMO 5 X 16 EB', 0),
(10000794, 'SMW 9 X M6X34.4-26.8A MC3 12A', 0),
(10000795, 'SMB SPC 5 X 8 MC3', 0),
(10000796, 'SMF 10 X 20 UC P1.5', 0),
(10000797, 'SMF 2.5 X 5 BR H1.2', 0),
(10000798, 'SMP 4 X 10 KF', 0),
(10000799, 'SMP 5 X 20 KF', 0),
(10000800, 'SMS 5 X M5X65-5 MC3 6.8 UT', 0),
(10000801, 'WELD BOLT SQ 6 X 20-17.5A KZ 18A', 0),
(10000802, 'SMB 3 X 5 MC3', 0),
(10000803, 'SMH 6 X 32 CF + 4.8 TR UT K10', 0),
(10000804, 'SMP 5 X 40 KF', 0),
(10000805, 'SMKW 5 X 12-10A UC ?', 0),
(10000806, 'SMK SQ 5 X M5X20-16A EB', 0),
(10000807, 'WELD BOLT 6 X 16 KZ UT 20K D14.5', 0),
(10000808, 'WELD BOLT 6 X 25 KZ 6.8 UR D12', 0),
(10000809, 'SMH SPC 6 X 13.4-3.7 KZ', 0),
(10000810, 'WELD BOLT 8 X 40 KZ 6T UT D16', 0),
(10000811, 'SMP 2.6 X 4 MC3', 0),
(10000812, 'SMT 5 X 14 MC3', 0),
(10000813, 'SMF 4 X 12 MC3 SW', 0),
(10000814, 'SMP 5 X 16 CF 20K', 0),
(10000815, 'SMP 5 X 35 KF', 0),
(10000816, 'SMP 5 X 25 KF', 0),
(10000817, 'SMP 5 X 45 CF', 0),
(10000818, 'SMB 3 X 20 CF', 0),
(10000819, 'SMP 5 X 25 CF', 0),
(10000820, 'SMP 4 X 5 NI', 0),
(10000821, 'SMP 4 X 25.3 ZK', 0),
(10000822, 'SMP 5 X 10 CF', 0),
(10000823, 'SMP 5 X 55 MC3', 0),
(10000824, 'SMP 5 X 35 MC3', 0),
(10000825, 'SMP 5 X 45 KF', 0),
(10000826, 'SMH 5 X 35 MC3 12A TR UT K8', 0),
(10000827, 'SMT 6 X 40-25 MC3 6.8', 0),
(10000828, 'SMP 4 X 20 KF 20K', 0),
(10000829, 'SMP 4 X 25 KF 20K', 0),
(10000830, 'SMP 5 X 20 KF 20K', 0),
(10000831, 'SMF 2.5 X 5 NI3 H1.2', 0),
(10000832, 'SWF 6.2 X 35-23 KZ', 0),
(10000833, 'SMT 9 X M6X15.6 MC3 6.8 D18', 0),
(10000834, 'SMT 9 X M6X16 MC3 6.8 D16', 0),
(10000835, 'SMB SPC 3 X 6 EB', 0),
(10000836, 'SMK 10 X M6X19.2 MC3', 0),
(10000837, 'SWO 5.1 X 58-39 NI3', 0),
(10000838, 'SWF 6.8 X 90-60 KZ', 0),
(10000840, 'SMH 6 X M6X49-24 EB 6.8 TR K10', 0),
(10000841, 'SWO 8 X 8.3X100-36 NI3', 0),
(10000842, 'SWO 6.8 X 75-50 EB ?', 0),
(10000843, 'SWO 8X7 X 8.3X100-52-15 NI3', 0),
(10000844, 'SWO 8 X 60-40 NI3', 0),
(10000845, 'SMB 4 X 40 EB', 0),
(10000846, 'SMH 8 X 10 MC3 4T TR K12 P1.0', 0),
(10000847, 'SMP 5 X 30 KF', 0),
(10000848, 'SMN 5 X 24 EB 12A TORX D10T1', 0),
(10000849, 'UMK 5 X 16 SUS SOCK', 0),
(10000850, 'SWR 4.5 X 38 MC3', 0),
(10000851, 'SWR 4.5 X 20 MC3', 0),
(10000852, 'WELD BOLT 8 X 20 MC K15', 0),
(10000853, 'SMB 5 X 16 CF 20K', 0),
(10000854, 'SMF 12 X 30-19 KZ 6T', 0),
(10000855, 'SMF 12 X 35-23 KZ 6T', 0),
(10000856, 'SMP 8 X 37 MC3', 0),
(10000857, 'SMH 6 X 16 CF 20K TR UT', 0),
(10000858, 'SMT 5 X 12 CF 12A UT D14', 0),
(10000859, 'SMP 6 X 12 CF 35K DOT', 0),
(10000860, 'SWO 10 X 70-47 NI3', 0),
(10000861, 'SWF 6.2 X 20-13 MC3', 0),
(10000862, 'SMH 8 X 20 CF G4 K12 H5', 0),
(10000863, 'SMT 8.2 X M6X16 EB D16 S45C', 0),
(10000864, 'WELD BOLT 6 X 20 KZ', 0),
(10000865, 'SMP 3 X 4 MC3', 0),
(10000866, 'SMP 5 X 50 KF', 0),
(10000867, 'SMP 5 X 14 EB', 0),
(10000868, 'SMP 6 X 14 EB', 0),
(10000869, 'SMP 6 X 14 MC3', 0),
(10000870, 'SMP SPC 6 X 25 CF 35K DOT', 0),
(10000871, 'SMR 12 X M8X51.3-16.9 EB 6T TORX', 0),
(10000872, 'SMH 8 X M6X23-7.5 MC3 4.8 TR K10', 0),
(10000873, 'BOLT KNURL 8 X M6X37.5 CF', 0),
(10000874, 'SMKW 8 X 13.5-11.5A UC ?', 0),
(10000875, 'SMB 4 X 25 EB', 0),
(10000876, 'SMP 8 X 20 MC3', 0),
(10000877, 'SMF 4 X 16 EB', 0),
(10000878, 'SMF 4 X 16 MC3 SW', 0),
(10000879, 'SMP 5 X 12 CF 20K', 0),
(10000880, 'SMH 4 X 4 MC3 + 18A', 0),
(10000881, 'SMF 3 X 8 CF 20K TB2411', 0),
(10000882, 'SMH 8 X 30 EB TR G4 K13', 0),
(10000883, 'WELD BOLT SPC 8 X 20 KZ 6T UT D16', 0),
(10000884, 'WELD BOLT SPC 6 X 14 KZ 6T UT D14.5 DOT', 0),
(10000886, 'WELD BOLT SPC 8 X 30 KZ 6T UT D16', 0),
(10000887, 'WELD BOLT SPC 8 X 35 KZ 6T UT D16', 0),
(10000888, 'WELD BOLT SPC 8 X 40 KZ 6T UT D16', 0),
(10000889, 'SMF 3 X 8 CF 20K TB2415', 0),
(10000890, 'WELD BOLT SPC 8 X 40 MC3 6T UT D16', 0),
(10000891, 'SMH 8 X M8X35-19 EB K12', 0),
(10000892, 'SMP 5 X 30 EB 6.8', 0),
(10000893, 'SMS 3 X 6 EB 4.8 KNURL', 0),
(10000894, 'SMT 5 X 16 MC3', 0),
(10000895, 'SMT 6 X 12 MC3 6.8', 0),
(10000896, 'SMT 6 X 70 EB UT', 0),
(10000897, 'SMP 4 X 12 EB TORX', 0),
(10000898, 'SWF 8X7 X 8X100-50-20 KZ', 0),
(10000899, 'SMK 6 X 35-25 GB SOCK UT', 0),
(10000900, 'SMK 3 X 6 EB + 18A', 0),
(10000901, 'WELD BOLT 6 X 12 KZ 4T D14 TOP', 0),
(10000902, 'UMS 5 X 22 SUS P KNURL UT', 0),
(10000903, 'SMB 4 X 30 EB', 0),
(10000904, 'SWF 3.1 X 16 BR', 0),
(10000905, 'SWR 3.1 X 10 BR', 0),
(10000906, 'UMF 6 X 15 SUS', 0),
(10000907, 'SMB 3.5 X 7.7-6.15A MC3 ?', 0),
(10000908, 'SMB 3.5 X 7.7-6.5A MC3 ? DOT', 0),
(10000909, 'SMP 5 X 10 KF', 0),
(10000910, 'SMT 6 X 20 MC3 6.8', 0),
(10000911, 'SMT 9 X M6X16 MC3 6.8 D18', 0),
(10000912, 'SMB 6 X 16 CF 20K', 0),
(10000913, 'SMB 6 X 20 CF 20K', 0),
(10000914, 'SMB 3 X 8 KF 20K', 0),
(10000915, 'SMP 5 X 55 EB', 0),
(10000916, 'BOLT KNURL 9 X M6X24 MC3 8M', 0),
(10000917, 'SMT 6.5 X M5X12.8 MC3', 0),
(10000918, 'SMB SPC 5 X 12 KF 20K D11.8', 0),
(10000919, 'WELD BOLT SPC 8 X 16 KZ 6T D16', 0),
(10000920, 'SMT 9 X M6X16-11.2 EB D16 S45C', 0),
(10000921, 'WELD BOLT SPC 8 X 25 KZ 6T D16', 0),
(10000922, 'SMP 4 X 5 MC3', 0),
(10000923, 'WELD BOLT 8 X 25 KZ D18', 0),
(10000924, 'WELD BOLT 8 X 30 KZ D18', 0),
(10000925, 'SMF 6 X 25 GB', 0),
(10000926, 'SMB 2.5 X 18 MC3', 0),
(10000927, 'SMP 6 X 18 MC3', 0),
(10000928, 'UMK 10 X M10X35-20 SUS UT P1.25', 0),
(10000929, 'UMN 6 X 12 SUS D13.6 T1 TB2440', 0),
(10000930, 'UMT 5 X 35 SUS BP', 0),
(10000931, 'SMT SPC 8.2 X M6X16-13.2 MC3 6T UT', 0),
(10000932, 'SMT 8.8 X M6X20-10 MC3 6.8 SOCK DOT', 0),
(10000933, 'SMF 6 X 14 MC3 TB2440', 0),
(10000934, 'SMF 6 X 25 MC3', 0),
(10000935, 'SMH 7 X M5X22.5-11.3 EB 20K', 0),
(10000936, 'SMT 4 X 30 GB', 0),
(10000937, 'SMW 6 X 11 CF 6.8', 0),
(10000938, 'WELD BOLT 8 X M8X19-12 KZ 6.8 UT D19', 0),
(10000939, 'WELD BOLT 6 X M6X20-17 KZ UT D12 7T', 0),
(10000940, 'SMT 5 X 12 EB 6.8T', 0),
(10000941, 'SMT 5 X 16 EB 6.8T', 0),
(10000942, 'SMT 6 X 12 EB 6.8T', 0),
(10000943, 'SMT 6 X 16 MC3 6.8T', 0),
(10000944, 'SMT 6 X 35-25 MC3 6.8T', 0),
(10000945, 'SMT 6 X 45-25 EB 6.8T', 0),
(10000946, 'SMT 6 X 45-25 MC3 6.8T', 0),
(10000947, 'BOLT KNURL 8 X M5X24.5 CF', 0),
(10000948, 'SMB 4 X 14 BN 12A', 0),
(10000949, 'SMS 3 X 6 NI3 KNURL4.8T', 0),
(10000950, 'SMB 3 X 8 CF 20K TB2430', 0),
(10000951, 'SPC SMK 6.8 X M6X17.5-8.8 CU TR H1.5', 0),
(10000952, 'SMB 3 X 18 EB 18A', 0),
(10000953, 'SMF 4 X 16 MC3 SW TB2471', 0),
(10000954, 'SMK 6 X 45-30 GB SOCK UT', 0),
(10000956, 'SMB 2.5 X 24 MC3', 0),
(10000957, 'SMF 3 X 16 EB TB 2411', 0),
(10000958, 'SMF 3 X 20 KF 20K', 0),
(10000959, 'SMF 4 X 15 EB', 0),
(10000960, 'SMB 4 X 20 CF 20K', 0),
(10000961, 'SMF 4 X 16 EB TB 2471', 0),
(10000962, 'SMF 6 X 40-25 EB 6.8T', 0),
(10000963, 'SMF 6 X 20 MC3', 0),
(10000964, 'SMP 8 X 35 MC3', 0),
(10000965, 'SMP 4 X 16 CF 8M', 0),
(10000966, 'SMP 4 X 10 CF 20K', 0),
(10000967, 'SMK 8.5 X M5X16-11A GM TORK - T25', 0),
(10000968, 'SMB 6 X 12 EB', 0),
(10000969, 'SMH 6 X 70 MC3 4.8 TR K10', 0),
(10000970, 'BWF 3.8 X 20-13 BC', 0),
(10000971, 'SMB 6 X 8 MC3', 0),
(10000972, 'SMK 6 X 50-35 GB SOCK UT', 0),
(10000973, 'SMB CUP 3.5 X 7.7-6.15A MC3 ?', 0),
(10000974, 'SMH 8 X M8X22-9 MC3 TR K12 6.8T', 0),
(10000975, 'SMK 3 X M2X5 EB (+) UT', 0),
(10000979, 'WELD BOLT SPC 6 X 30-27A CF DP D12 6T', 0),
(10000980, 'SMH 8 X M8X35-19 EB TR UT K12', 0),
(10000981, 'SMP 4 X 14 KF 20K', 0),
(10000982, 'SMP 6 X 40 MC3', 0),
(10000983, 'SMN 5 X 24 MC3 12A  TORK D10T1', 0),
(10000984, 'SMN 7.3 X M5X17.4-8.7 MC3 12A TORX D10T1', 0),
(10000985, 'SMK SPC 8 X M6X32.5-7 CF', 0),
(11000001, 'SMH 13 X M8X21.7-13 ZK', 0),
(11000002, 'SMH 13 X M10X24.5-18. ZK', 0),
(11000003, 'HSMH 8 X 15 MC TR G7 K12', 0),
(11000004, 'HSMH 8 X 15 ZK TR G7 K12', 0),
(11000005, 'HSMH 8 X 25 ZK TR G7 K12', 0),
(11000006, 'HSMP 6 X 10 GR G 6.8', 0),
(11000007, 'HSMP 6 X 12 GR G 6.8', 0),
(11000008, 'HSMP 6 X 16 GR G6.8', 0),
(11000009, 'HSMW 6 X 16 UC G7 KMI', 0),
(11000010, 'HSMW 8 X 12 UC G7 KMI', 0),
(11000011, 'HSMW 8 X 25 MC G7 KMI', 0),
(11000012, 'HSMW 8 X 14 ZK G7 KMI', 0),
(11000013, 'HSMW 8 X 25 ZN G7 KMI', 0),
(11000014, 'SMH 13 X M10X24.5-13.5 ZK', 0),
(11000015, 'HSMP 5 X 20 UC', 0),
(11000016, 'HSMH 5 X 14 MC + K7', 0),
(11000017, 'HSMP 5 X 20 GR', 0),
(11000018, 'HSMH 6 X 10 HO G7', 0),
(11000019, 'HSMH 8 X 25-21.3 ZN TR G7 K12 KMI', 0),
(11000020, 'HSMW 6 X 10 MC G7 KMI', 0),
(11000021, 'HSMW 8 X M8X75-18 ZN G7 KMI', 0),
(11000022, 'HSMW 10 X M10X80-15 UC G7 KMI', 0),
(11000023, 'HSMW 8 X 50-18 ZN G7 KMI', 0),
(11000024, 'HSMH 8 X 45 MC TR G7 K13 YDI', 0),
(11000025, 'HSMW 6 X 8 GR G7', 0),
(11000026, 'HSMH 8 X 25 MC TR G7 K12', 0),
(11000027, 'HSMH 10 X 75-20 MC G7S K14 P1.25', 0),
(11000028, 'HSMH 8 X 40-18 MC G7 K12', 0),
(11000029, 'HSMW 8 X M8X80-18 ZN G7 KMI', 0),
(11000030, 'HSMH 8 X M8X45-18 MC G7 TR K12', 0),
(11000031, 'HSMH 8 X 45-18 MC G7 K12', 0),
(11000032, 'HSMW 8 X M8X62-27 MC3 G10.9 D13.9T1.5', 0),
(11000033, 'HSMW 8 X M8X57-22 MC3 G10.9 D13.9T1.5', 0),
(11000034, 'HSMW 8 X M8X27-19 MC3 G10.9 D13.9T1.5', 0),
(11000035, 'HSMW 8 X M8X23-15 MC3 G10.9 D13.9T1.5', 0),
(11000036, 'HSMH 8 X M8X32-16 GR 9.8T TR K14', 0),
(11000037, 'HSMW 8 X 16 MC G7 KMI', 0),
(11000038, 'HSMH 10 X 30-20 KZ G8S K14 TR P1.25', 0),
(11000039, 'HSMW 8 X 35 ZK G7 KMI', 0),
(11000040, 'HSMW 5 X 16 ZK G7 KMI', 0),
(11000041, 'HSMH 6 X 12 MC3 G12.9 TR K10 P0.75', 0),
(11000042, 'HSMH 6 X 20 NI  7T TR UT K10', 0),
(11000043, 'HSMT 10 X 25 MC D20 P1.5', 0),
(11000044, 'WELD BOLT 8 X 25 KZ 8T 45KT', 0),
(11000045, 'HSMH 8 X 30-22 MC3 G7 K12', 0),
(11000046, 'HSMW 6 X 22 UC G9', 0),
(11000047, 'HSMH 6 X 14 GR 7T TR UT K10', 0),
(11000048, 'HSMH 6 X M6X30-13 GR G6 TR K10', 0),
(11000049, 'HSMH 6 X 10 EB G7', 0),
(11000050, 'HSMH 6 X 16 EB G7', 0),
(11000051, 'HSMH 10 X 16 EB G7 K14 P1.25', 0),
(11000052, 'HSMH 8 X 25 MC TR G7S K12', 0),
(11000053, 'HSMW SPC 5 X 16 KZ 8.8', 0),
(11000054, 'HSMH 10 X M10X90-15 EB 10.9T TR  K14 P1.25', 0),
(11000055, 'HSMK 10 X M6X15 GR 9T LT SOCK UT', 0),
(11000056, 'HSMR 6 X 10 MC3 11.9 UT SOCK', 0),
(11000057, 'HSMR 8 X M8X30-20 UC 9T SOCK UT', 0),
(11000058, 'HSMS 5 X 10 EB 10.9T KNURL UT', 0),
(11000059, 'HSMS 5 X 12 ZK 10.9T KNURL UT', 0),
(11000060, 'HSMS 5 X 15-12 KZ 10.9T UT', 0),
(11000061, 'HSMS 5 X 20 EB 10.9T KNURL UT', 0),
(11000062, 'HSMS 6 X 8 BO 10.9T KNURL UT', 0),
(11000063, 'HSMS 6 X 12 EB 10.9T KNURL UT', 0),
(11000064, 'HSMS 6 X 16 EB 10.9T KNURL UT', 0),
(11000065, 'HSMS 6 X 25 MC3 10.9T KNURL UT', 0),
(11000066, 'HSMS 6 X 25 ZK 10.9T KNURL UT', 0),
(11000067, 'HSMS 8 X 20 UC 10.9T KNURL UT', 0),
(11000068, 'HSMS 8 X 25 GR 10.9T KNURL UT', 0),
(11000069, 'HSMW 8 X M8X50-18 UC G9 LT', 0),
(11000070, 'HSMH 10 X 25 ZK TR G7 K14 P1.25', 0),
(11000071, 'HSMH 8 X 40 ZK G7 TR UT K12', 0),
(11000072, 'HSMW 6 X 22 ZK G9', 0),
(11000073, 'HSMR 6 X 10 GR 10.9T UT SOCK', 0),
(11000074, 'HSMH 8 X 30-22 GR G9.8 TR K12', 0),
(11000075, 'HSMS 5 X 12 GR 11.9T KNURL UT', 0),
(11000076, 'HSMW 5 X 16 MC G6', 0),
(11000077, 'HSMH 8 X 45-18 KZ G7 K12', 0),
(11000078, 'HSMS 8 X 25 EB 10.9T KNURL UT', 0),
(11000079, 'HSMH 6 X 12 KZ 7T TR K10', 0),
(11000080, 'HSMS 6 X 20 NI 10.9T KNURL UT', 0),
(11000081, 'HSMW 8 X M8X50-18 MC3 G9 LT', 0),
(11000082, 'HSMS 5 X 8 MC3 7T UT', 0),
(11000083, 'HSMH 6 X 20 KZ 7T UT TR K10', 0),
(11000084, 'SB 8 X 31-20 MC3 7T YDI', 0),
(11000085, 'SB 8 X 32-22 MC3 7T YDI', 0),
(11000086, 'SB 8 X 56-45 MC3 7T YDI', 0),
(11000087, 'SB 10 X 70-55 MC3 7T YDI', 0),
(11000088, 'HSMS 6 X 16 GR 11.9T KNURL YIMM', 0),
(11000089, 'HSMH 12 X M10X31.5 ZN G9 TR UT K17 P1.25', 0),
(11000090, 'HSMH 10 X 30 MC G7 K14 TR UT', 0),
(11000091, 'HSMT 10 X 25 MC3 D20 P1.5', 0),
(11000092, 'HSMS 5 X 12-9.5 GR 10.9T UT', 0),
(11000093, 'HSMS 6 X 10 EB 10.9T KNURL UT', 0),
(11000094, 'HSMS 8 X 16 EB 10.9T KNURL UT', 0),
(11000095, 'HSMS 6 X 25 GR 11.9T KNURL YIMM', 0),
(11000096, 'HSMW 6 X 10 MC3 G7 KMI', 0),
(11000097, 'HSMW 6 X 22 EB G9', 0),
(11000098, 'HSMW 8 X 16 MC3 G7 KMI', 0),
(11000099, 'HSMW 8 X M8X75-18 MC3 G7 KMI', 0),
(11000100, 'HSMH 8 X 25-21.3 MC3 TR G7 K 12 KMI', 0),
(11000101, 'HSMS 5 X 12 EB 10.9T KNURL UT', 0),
(11000102, 'HSMW 8 X 50-18 MC3 G7 KMI', 0),
(11000103, 'HSMW 5 X 16 EB G7 KMI', 0),
(11000104, 'HSMW 8 X 12 MC3 G7 KMI', 0),
(11000105, 'HSMW 8 X 14 EB G7 KMI', 0),
(11000106, 'HSMW 8 X 25 MC3 G7 KMI', 0),
(11000107, 'HSMW 8 X 35 EB G7 KMI', 0),
(11000108, 'HSMW 8 X M8X80-18 MC3 G7 KMI', 0),
(11000109, 'SB 8 X 27-16 MC 7T UTR KMI', 0),
(11000110, 'SB 6 X 33-25 MC3 7T YDI', 0),
(11000111, 'SB 6 X 45-35 MC3 7T YDI', 0),
(11000112, 'HSMH 10 X 16 MC3 G7 K14 P1.25', 0),
(11000113, 'HSMS 6 X 12 MC3 10.9T KNURL UT', 0),
(11000114, 'HSMS 5 X 8 EB 7T UT TB', 0),
(11000115, 'HSMH 8 X M8X45-18 MC3 G7 TR K12', 0),
(11000116, 'HSMP 8 X M6X24-13 MC3 7T UT', 0),
(11000117, 'HSMH 10 X 75-20 MC3 G7S K14 P1.25', 0),
(11000118, 'HSMS 6 X 25 EB 10.9T KNURL UT', 0),
(11000119, 'HSMH 8 X 40-18 MC3 G7 K12', 0),
(11000120, 'HSMS 10 X 20 KF 11.9 KNURL UT', 0),
(11000121, 'HSMR 8 X 30 CF 11.9 UT SOCK', 0),
(11000122, 'HSMS 10 X M10X45-32 KF 11.9 KNURL UT', 0),
(11000123, 'HSMS 10 X M10X60-32 KF 11.9 KNURL UT', 0),
(11000124, 'HSMS 5 X 12 CF 11.9 KNURL UT', 0),
(11000125, 'HSMR 6 X 12 KF UT SOCK D16 10.9T', 0),
(11000126, 'HSMH 10 X 30 ZK UT TR K17 P1.5 G8', 0),
(11000127, 'HSMH 4 X M3X35-4 MC3 UT 7T TB2471', 0),
(11000128, 'HSMH 5 X 20-16 MC3 TR UT G8.8S', 0),
(11000129, 'HSMW 6 X 30 MC3 G9', 0),
(11000130, 'HSMH 10 X 10X40-25 MC TR K14 P1.25 G7', 0),
(11000131, 'HSMK 10 X M10X38-23 KZ UT P1.25 8.8T', 0),
(11000132, 'HSMS 6 X 20 CF 11.9 KNURL UT', 0),
(11000195, '(W)HSMP 4 X 16 EB 8.8 D10T0.8', 0),
(11000200, 'HSMW 5 X 35-16 MC3 G7 KMI', 0),
(11000201, 'HSMR 6 X 35 EB 7T SOCK', 0),
(11000202, 'HSMH 8 X 40 MC3 G7 TR UT K12  TB', 0),
(11000203, 'HSMP 8 X M6X24-13 EB 7T UT', 0),
(11000204, 'HSMS 4 X 25 EB 11.9T KNURL', 0),
(11000205, 'HSMK 10 X 16 MC 7T P1.25', 0),
(11000206, 'HSMW 6 X 8 EB G7', 0),
(11000207, 'SB 8 X 41-30 MC3 7T YDI', 0),
(11000208, 'SB 6 X 40-30 MC3 7T YDI', 0),
(11000209, 'HSMK 9 X M6X18 MC', 0),
(11000210, 'HSMH 6 X 16 MC3 G7', 0),
(11000211, 'HSMH 6 X 10 MC3 G7', 0),
(11000212, 'HSMW SPC 6 X 25 MC3 8.8  K10', 0),
(11000213, 'HSMH 6 X 20 MC3 9.8T UT', 0),
(11000214, 'HSMH 5 X 12 MC3 G7', 0),
(11000215, 'SB 8 X 63-50 MC3 7T YDI', 0),
(11000216, 'SB 8 X 46-35 MC3 7T YDI', 0),
(11000217, 'HSMK 8 X M8X41-12 MC3 7T TR', 0),
(11000218, 'SB 6 X 30-22 MC3 7T UTR KBT', 0),
(11000219, 'HSMH 8 X M6X61.5 ZK 7T TR K10', 0),
(11000220, 'HSMH 6 X 20 MC3 G7', 0),
(11000221, 'HSMW 5 X 14 MC3 G7 KMI', 0),
(11000222, 'HSMW 8 X M8X68-18 ZN G9', 0),
(11000223, 'HSMH 6 X 16 MC3 G8.8S C3', 0),
(11000224, 'HSMH 10 X M10X40-28 EB G7 TR K14', 0),
(11000225, 'HSMS 6 X M6X35-24 ZK 12.9 KNURL UT', 0),
(11000226, 'HSMP 8 X M8X30-26 KZ', 0),
(11000227, 'HSMS 6 X M6X50-27 EB 10.9 KNURL', 0),
(11000228, 'SB 8 X 80-68 MC3 7T YDI', 0),
(11000229, 'HSMR 6 X 10 NC 10.9T UT SOCK', 0),
(11000230, 'SB 6 X 32-16 MC3 G7S MKM', 0),
(11000231, 'SB 10 X 35-20 MC3 G7S P1.5 / P1.25 MKM', 0),
(11000232, 'HSMR 8 X 25 GR 10.9T UT SOCK', 0),
(11000233, 'HSMS 6 X 20 EB 11.9 KNURL', 0),
(11000234, 'HSMR 5 X 20 GR 10.9T UT SOCK', 0),
(11000235, 'HSMT 5 X 20 EB', 0),
(11000236, 'HSMH 12 X M10X22-15 CF 7T TB', 0),
(11000237, 'HSMH 8 X 22 MC3 7T TR K12', 0),
(11000238, 'HSMS 5 X 20 MC3 10.9 KNURL UT', 0),
(11000239, 'HSMS 6 X 16 MC3 10.9 KNURL UT', 0),
(11000240, 'HSMS 6 X 10 MC3 10.9 KNURL UT', 0),
(11000241, 'HSMS 8 X 16 MC3 10.9 KNURL UT', 0),
(11000242, 'HSMW 8 X M8X75.9-22 MC3 10.9 D13.9T1.5', 0),
(11000243, 'HSMW 8 X M8X41-15 MC3 10.9 D13.9T1.5', 0),
(11000244, 'HSMH 10 X 35 CF 7T TR K14 P1.25', 0),
(11000245, 'HSMT 5 X 8 CF 10.9 TORX', 0),
(11000246, 'HSMH 5 X M5X25-15 EB 7T TR UT K10', 0),
(11000247, 'HSMH 10 X 45-26 MC3 G7 K14 P1.25', 0),
(11000248, 'HSMK 12 X M12X96-45 KZ 7T UT', 0),
(11000249, 'HSMK 12 X M12X111-45 KZ 7T UT', 0),
(11000250, 'HSMW 10 X M10X235-26 MC3 G9 UT P1.25', 0),
(11000251, 'HSMW 8.2 X M6X12-9.2 MC3 + 7T', 0),
(11000252, 'HSMR 6 X 10 GR 11.9  UT SOCK', 0),
(11000253, 'HSMW 6 X 22 MC3 G9', 0),
(11000254, 'HSMH 6 X M6X31-12 MC3 G7 UT', 0),
(11000255, 'HSMH 6 X 10-7.5A KZ 8.8 TR K10', 0),
(11000256, 'HSMS 5 X 10 KF 11.9 KNURL UT', 0),
(11000257, 'HSMH 8 X 14 MC3 G7 K12', 0),
(11000258, 'HSMH 8 X M8X102-32 MC3 7T K14', 0),
(11000259, 'SB 10 X 90-75 MC3 7T UTR P1.5 YDI', 0),
(11000260, 'SB 10 X 47-32 MC3 7T YDI', 0),
(11000261, 'SB 6 X 33.2-21.2 MC3 6.8 YDI', 0),
(11000262, 'SB 6 X 28-20 MC3 7T YDI', 0),
(11000263, 'HSMK 10 X M8X30-23 NI-C 9.8SOCK UT TB2468', 0),
(11000264, 'HSMW 10 X M10X260-26 MC3 9T UT P1.25', 0),
(11000265, 'HSMS 4 X 25 KZ 11.9 KNURL', 0),
(11000266, 'HSMS 6 X 25 CF 11.9 KNURL YIMM', 0),
(11000267, 'HSMR 5 X 10 CF 11.9 UT SOCK', 0),
(11000268, 'HSMH 8 X 16 MC3 G7 K12', 0),
(11000269, 'HSMH 8 X 20 KZ 7T K12 H5', 0),
(11000270, 'SB 8 X 29-18 MC3 7T YDI', 0),
(11000271, 'SB 8 X 66-55 MC3 7T YDI', 0),
(11000272, 'HSMH 6 X 20 CF 9.8T UT', 0),
(11000273, 'HSMS 5 X 12 KF 11.9 KNURL UT', 0),
(11000274, 'HSMS 6 X 25 KF 11.9 KNURL YIMM', 0),
(11000275, 'HSMS 6 X 16 KF 11.9 KNURL YIMM', 0),
(11000276, 'SB 8 X 69-58 MC3 7T YDI', 0),
(11000277, 'HSMR 6 X 10 KF 11.9 UT SOCK', 0),
(11000278, 'HSMR 6 X 10 CF 11.9 UT SOCK', 0),
(11000279, 'HSMR 5 X 20 KF 11.9 UT SOCK', 0),
(11000280, 'HSMK 10 X M6X15 KF 9.8 UT SOCK TB', 0),
(11000281, 'HSMH 8 X 30-22 KF G9.8 TR K12', 0),
(11000282, 'HSMH 6 X 14 KF 7T TR UT K10', 0),
(11000283, 'HSMH 12.3 X M12X79-14 KZ 7T K22 P1.75', 0),
(11000284, 'HSMH 10 X M10X106-34 MC3 G7 UT K17 P1.5', 0),
(11000285, 'HSMH 12 X M12X111-34 MC3 G7 UT K19  P1.75', 0),
(11000286, 'HSMKW 8 X 25 KF 10.9 UT SOCK', 0),
(11000287, 'SMH 13 X M8X23-17 EB K17', 0),
(11000288, 'HSMW 5 X 12 EB G7', 0),
(11000289, 'HSMW 6 X 10 CF G8', 0),
(11000290, 'HSMH 8 X M6X25 EB 7T TR K12', 0),
(11000291, 'HSMH 9.5 X M6X15.8-8 MC3 7T TB 2430', 0),
(11000292, 'SB 8 X 89-75 KZ 10.9 UTR KBT', 0),
(11000293, 'HSMS 5 X 25 CF 11.9 KNURL UT', 0),
(11000294, 'HSMH 12 X M12X30-22 CF 9T TR UT P1.25', 0),
(11000295, 'HSMS 4 X 25 KF 11.9 KNURL', 0),
(11000296, 'HSMS 4 X 25 CF 11.9 KNURL', 0),
(11000297, 'HSMH 10 X 35 KZ 7T TR K14 P1.25', 0),
(11000298, 'HSMS 5 X 8 MC3 8.8 UT', 0),
(11000299, 'HSMS 6 X 16 CF 11.9 KNURL YIMM', 0),
(11000300, 'HSMW 6 X 22-18 MC3 G8.8S', 0),
(11000301, 'HSMR 6 X 10 NI 11.9T SOCK UT', 0),
(11000302, 'HSMS 8 X 20 MC3 10.9 KNURL UT', 0),
(11000303, 'HSMW 10 X M10X80-15 MC3 G7 KMI', 0),
(11000304, 'HSMH 8 X M8X65-22 ZK G7 TR K12', 0),
(11000305, 'HSMK 9 X M6X18-13 MC', 0),
(11000306, 'HSMP 6.3 X M5X26-12 MC3 8.8', 0),
(11000307, 'SB 8 X 34-20 MC3 7T UTR IS2', 0),
(11000308, 'HSMW 6 X 18 MC3 G7', 0),
(11000309, 'HSMK 5 X 13 EB 9.8 SOCK', 0),
(11000310, 'HSMH 12 X 40 MC G7 TR K17', 0),
(11000311, 'HSMP 6.3 X M5X26-12 CF 8.8', 0),
(11000312, 'HSMK 10 X M6X15 CF 9.8 UT SOCK TB 2471', 0),
(11000313, 'HSMH 12 X M10X31.5 MC3 G9 TR UT K17 P1.25', 0),
(11000314, 'HSMH 6 X 14 KZ 7T TR UT K10', 0),
(11000315, 'HSMS 4 X 20 CF 11.9 KNURL', 0),
(11000316, 'HSMP 3 X 35-30 MC3 G8.8S', 0),
(11000317, 'HSMS 5 X 8 CF 11.9 KNURL UT', 0),
(11000318, 'HSMS 5 X 14 CF 11.9 KNURL UT', 0),
(11000319, '(A)HSMH 12 X 20 MC3 G9 K17 P1.25', 0),
(11000320, 'HSMS SPC 5 X M5X50-20 MC3 10.9 KNURL', 0),
(11000321, 'HSMH 6 X 20 CF 7T TR UT K10', 0),
(11000322, 'HSMB 8 X 23 MC3 10.9 SOCK UT', 0),
(11000323, 'HSMW 9 X M6X17.8-12 MC3 7T', 0),
(11000324, 'HSMW 10 X M10X50-14 EB G9 UT K14 P1.25', 0),
(11000325, 'HSMW 10 X M10X85-20 EB G9 UT K14 P1.25', 0),
(11000326, 'HSMP 4 X 10 MC3 8.8 DOT', 0),
(11000327, 'HSMH 8 X 20 MC3 G7 K12', 0),
(11000328, 'HSMH 10 X 25 CF TR G7 K14 P1.25', 0),
(11000329, 'HSMO 6 X 80-25 EB 7T', 0),
(11000330, 'HSMH 8 X 20 CF 7T K12 H5', 0),
(11000331, 'HSMKW 5 X 10 MC3 10.9 UT SOCK', 0),
(11000332, 'HSMR 6 X 10 KF 11.9 UT TORX', 0),
(11000333, 'HSMH 8 X 16 CF G7 K12', 0),
(11000334, 'HSMW 6 X 25 MC3 G8.8S', 0),
(11000335, 'HSMH 12 X 40 CF G7 TR K17', 0),
(11000336, 'HSMH 8 X 25 CF TR G7 K12', 0),
(11000337, 'SB 10 X 51-31A KF 9.8 UT YIMM', 0),
(11000338, 'HSMH 10 X 30 CF G7 K14 TR UT', 0),
(11000339, 'HSMT 4 X 25 EB 8.8', 0),
(11000340, 'HSMK 10XM10 X 20-16 MC3 10.9 UT SOCK', 0),
(11000341, 'HSMS 5 X M5X35-22 FE-C 9.8 KNURL', 0),
(11000342, 'HSMH 6 X 20 MC3 G9', 0),
(11000343, 'HSMH 10 X 55-20 CF G7 K14 P1.25', 0),
(11000344, 'HSMK 12 X M12X56-35 MC 7T UT P1.25', 0),
(11000345, 'HSMK 12 X M12X51-35 MC 7T UT P1.25', 0),
(11000346, 'HSMO 6 X 90-25 EB 7T', 0),
(11000347, 'HSMW 5 X 12 MC3 G7', 0),
(11000348, 'HSMK 10 X M6X26.5-14 MC3 9TUTSOCKTB2440', 0),
(11000349, 'SB 6 X 45-29 MC3 9.8 UT', 0),
(11000350, 'HSMR 6 X 14 MC3 7T SOCK TB2468', 0),
(11000351, 'HSMW 8 X M6X21-6 MC3 7T UT TB2468', 0),
(11000352, 'HSMW 8 X M8X80-26 MC3 G7 K12', 0),
(11000353, 'HSMR 6 X 18 MC3 7T SOCK 5', 0),
(11000354, 'HSMW 8 X 35 MC3 7T', 0),
(11000355, 'HSMW 8 X M8X36-12 MC3 9T UT', 0),
(11000356, 'HSMF 6 X 12 MC3 10.9T UT SOCK TB 2440B', 0),
(11000357, 'HSMH 10 X 50 MC TR K14 P1.25 G7', 0),
(11000358, 'HSMK 10 X M10X45-20 KF 8.8 P1.25', 0),
(11000359, 'HSMW 6 X 16 MC3 G7', 0),
(11000360, 'HSMW 6 X 20 MC3 G7', 0),
(11000361, 'HSMH 10 X 25 MC UT TR K17 P1.5 G8', 0),
(11000362, 'HSMS 6 X 10 CF 11.9 KNURL UT', 0),
(11000363, 'HSMKW 10 X M10X30-19 KF 10.9 UT SOCK', 0),
(11000364, 'HSMH 6.3 X M5X26-12 MC3 CROSS TR UT 8.8', 0),
(11000365, 'HSMH 6 X 20 MC 7T TR UT K10', 0),
(11000366, 'HSMH 8 X 15 MC UT TR K12 G7', 0),
(11000367, 'HSMS 6 X 20 MC3 10.9 KNURL UT', 0),
(11000368, 'HSMH 12 X M10X33-17.5 MC3 7T TR UT K14', 0),
(11000369, 'HSMH 12 X M12X150-40 MC TR K17 P1.25', 0),
(12000001, '(A)BMP 3 X 22 BC', 0),
(12000002, '(A)BMP 3 X 25 BC', 0),
(12000004, '(A)SMP 3 X 8 MC 12A', 0),
(12000005, '(A)SMP 3.5 X 20 MC ?', 0),
(12000006, '(A)SMP 4 X 12 MCB', 0),
(12000007, '(A)SMP 5 X 8 ZK', 0),
(12000008, '(A)SMP 5 X 12 MC', 0),
(12000009, '(A)SMP 5 X 12 UC', 0),
(12000010, '(A)SMP 5 X 16 MC', 0),
(12000011, '(A)SMP 6 X 12 GR', 0),
(12000012, '(B)SMH 6 X 16 GR D20T1.6', 0),
(12000013, '(B)UMH 5 X 20 SUS + D12T0.8', 0),
(12000014, '(F)SMB 6 X 16 GR D16T1.6 UT', 0),
(12000015, '(F)SMB 6 X 16 UC D16T1.6 UT', 0),
(12000016, '(F)SMH 5 X 14 GR D12T0.8', 0),
(12000017, '(F)SMH 6 X 6 UC D13T1', 0),
(12000018, '(F)SMH 6 X 12 GR D11.5T1.6', 0),
(12000019, '(F)SMH 6 X 12 GR D16T1.6', 0),
(12000020, '(F)SMH 6 X 16 GR D16T1.6', 0),
(12000021, '(F)SMH 6 X 25-21 GR D11.5T1.6', 0),
(12000022, '(F)SMP 5 X 10 GR D10T1', 0),
(12000023, '(F)SMP 5 X 16 GR D10T1', 0),
(12000024, '(F)SMP 5 X 25 GR D10T1', 0),
(12000025, '(F)SMP 5 X 30 GR D10T1', 0),
(12000026, '(F)SMP 6 X 10 GR D11.5T1.6', 0),
(12000027, '(F)SMP 6 X 12 GR D11.5T1.6', 0),
(12000028, '(F)SMP 6 X 14 GR D11.5T1.6', 0),
(12000029, '(F)SMP 6 X 16 GR D11.5T1.6', 0),
(12000030, '(F)SMP 6 X 16 GR D16T1', 0),
(12000031, '(F)SMP 6 X 20 GR D11.5T1.6', 0),
(12000032, '(F)SMP 6 X 20 UC D18T1.6', 0),
(12000033, '(F)SMP 6 X 20 ZK D18T1.6', 0),
(12000034, '(F)SMT 6 X 12 GR D13T1', 0),
(12000035, '(F)SMT 6 X 12 UC D18T1.6', 0),
(12000036, '(F)SMT 6 X 12 ZK D18T1.6', 0),
(12000038, '(F)SMT 6 X 16 UC D18T1.6', 0),
(12000039, '(F)SMT 6 X 20 ZK D18T1.6', 0),
(12000040, '(F)UMT 6 X 12 SUS D18T1.6 UC', 0),
(12000041, '(W)BMP 3 X 25-23.5A BC ?', 0),
(12000042, '(W)SMP 3 X 10 MC', 0),
(12000043, '(W)SMP 3 X 12 MC', 0),
(12000044, '(W)SMP 4 X 10 MC', 0),
(12000045, '(W)SMP 4 X 10 UC', 0),
(12000046, '(A)SMP 4 X 30 MC', 0),
(12000047, '(F)SMH 6 X 16 GR D16T1.6 UT', 0),
(12000048, '(F)SMH #8-32 X 12 ZK + D12T1', 0),
(12000049, '(W)SMP 3 X 8 MC', 0),
(12000050, '(B)SMH 6 X 16 ZK D20T1.6', 0),
(12000051, '(B)SMH 6 X 30 GR D18T1.6', 0),
(12000052, '(B)SMH 6 X 16 UC D20T1.6', 0),
(12000053, '(B)SMH 6 X 14 ZK D20T1.6', 0),
(12000054, '(B)SMH 5 X 16 MC + D14T1.6', 0),
(12000055, '(F)SMT 6 X 12 GR D18T1.6', 0),
(12000056, '(A)SMP 3.5 X 20 MC3 ?', 0),
(12000057, '(F)SMP 5 X 20 UC D10T1', 0),
(12000058, '(A)SMP 5 X 12 MC3', 0),
(12000059, '(B)SMH 6 X 40-16 MC D18T1.6', 0),
(12000060, '(F)SMH 6 X 30-21 GR D20T1.6', 0),
(12000061, '(B)SMH 6 X 30-16 MC D18T1.6', 0),
(12000062, '(B)SMH 6 X 16 EB D20T1.6', 0),
(12000063, '(F)SMP 5 X 14 UC D10T1 TB', 0),
(12000064, '(B)SMH 6 X 16 ZK G4 D16T1', 0),
(12000065, '(B)UMH 8 X 20 SUS K13 D18T1.2+NUT', 0);
INSERT INTO `m_item` (`m_item_id`, `m_item_name`, `m_item_ext_id`) VALUES
(12000066, '(F)SMH 5 X 21 GR + D20T1', 0),
(12000068, '(A)SMH 8 X 100-18 MC G4 K12', 0),
(12000069, '(F)SMH 8 X 12 CU G4 K12 D18T1.6', 0),
(12000070, '(A)SMP 5 X 18 MC3 12A', 0),
(12000071, '(A)SMH 8 X 50-18 MC G4 K12', 0),
(12000072, '(W)SMH 8 X 20 MC G4 D18T1.6', 0),
(12000073, '(A)SMH 6 X 12 MC +', 0),
(12000074, '(A)SMH 6 X 20-15 MC +', 0),
(12000075, '(A)SMH 6 X 25-16 MC G4', 0),
(12000076, '(W)SMH 6 X 14 MC G4 D13T1', 0),
(12000077, '(A)SMH 8 X 16 MC G4 K12', 0),
(12000078, '(A)SMH 6 X 35-16 MC G4', 0),
(12000079, '(B)SMH 6 X 16 MC G4 D18T1', 0),
(12000080, '(A)SMP 4 X 12 MC', 0),
(12000081, '(A)SMP 5 X 10 MC', 0),
(12000082, '(A)SMH 8 X 35-18 MC G4 K12', 0),
(12000083, '(W)SMH 6 X 12 MC G4 D13T1', 0),
(12000084, '(F)SMH 6 X 20 EB D20T1.2', 0),
(12000085, '(F)SMT 6 X 16 GR D13T1', 0),
(12000086, '(A)SMP 4 X 10 MC', 0),
(12000087, '(F)SMH 6 X 20 GR D20T1.2', 0),
(12000088, '(A)SMH 8 X 110-100 MC G4 K12', 0),
(12000089, '(F)SMT 5 X 16 GR D14T1.6', 0),
(12000090, '(B)BMP 3 X 16 BC ? D7.5T1', 0),
(12000091, '(A)SMP 3 X 8 KZ 12A', 0),
(12000092, '(F)SMT 6 X 16 MC3 D18T1.6', 0),
(12000093, '(W)SMP 5 X 16 EB D12T0.8', 0),
(12000094, '(F)SMP 4 X 8 MC D8T0.8', 0),
(12000095, '(F)SMH 5 X 10 UC + D18T1', 0),
(12000096, '(F)UMT 6 X 12 SUS D18T1', 0),
(12000097, '(F)UMT 6 X 20 SUS D18T1', 0),
(12000098, '(C)SMB 4 X 8 EB', 0),
(12000099, '(F)SMB 4 X 8 MC3 D16T1.6', 0),
(12000100, '(W)SMP 5 X 16 MC3 D12T0.8', 0),
(12000101, '(A)SMP 4 X 20 MC3 12A', 0),
(12000102, '(F)SMB 4 X 10 MC3 D16T1.6', 0),
(12000103, '(B)SMB 3 X 12 MC3 D10T1', 0),
(12000104, '(B)SMB 3 X 16 MC3 D10T1', 0),
(12000105, '(B)SMH 4 X 40 MC 4T D10T1', 0),
(12000106, '(F)SMT 6 X 16 UC D16T1.2', 0),
(12000107, '(B)SMP 5 X 18 MC D12T0.8', 0),
(12000108, '(F)SMT 6 X 16 EB D13T1', 0),
(12000109, '(A)SMP 4 X 12 MC3 12A', 0),
(12000110, '(F)SMH 6 X 20 GR D18T1.6', 0),
(12000111, '(F)SMP 6 X 20 MC3 D18T1.6', 0),
(12000112, '(F)SMT 6 X 16 MC3 D16T1.2', 0),
(12000113, '(W)SMP 5 X 16 MC3 D10T0.8 6.8T', 0),
(12000114, '(W)SMP 5 X 18 MC3 D10T1 TB', 0),
(12000115, '(F)SMP 5 X 14 UC D10T1', 0),
(12000116, '(A)SMP 4 X 12 MC3 20K', 0),
(12000117, '(A)BMP 3 X 28-15 BR SW MC', 0),
(12000118, '(F)SMH 6 X 20 MC 4T UT D18T1.2', 0),
(12000119, '(A)SMP 4 X 6 KZ', 0),
(12000120, '(A)BMP 3 X 22 BR SW MC', 0),
(12000121, '(A)SMP 4 X 10 MC 12A', 0),
(12000122, '(A)SMP 5 X 18 MC 12A', 0),
(12000123, '(F)SMT 6 X 12 EB D18T1.6', 0),
(12000124, '(A)SMP 6 X 20 EB', 0),
(12000125, '(B)SMH 6 X 14 EB D20T1.6', 0),
(12000126, '(F)SMP 5 X 14 MC3 D10T1 TB', 0),
(12000127, '(B)SMH 6 X 16 EB G4 D16T1', 0),
(12000128, '(F)SMP 5 X 20 MC3 D10T1', 0),
(12000129, '(F)SMP 6 X 20 MC3 D11.5T0.8', 0),
(12000130, '(A)SMH 6 X 35-16 MC3 G4', 0),
(12000131, '(A)SMH 5 X 8 MC +', 0),
(12000132, '(A)SMP 4 X 8 UC', 0),
(12000133, '(A)SMH 8 X 50-18 MC3 G4 K12', 0),
(12000134, '(B)SMH 6 X 16 MC3 G4 D18T1', 0),
(12000135, '(A)SMH 6 X 20-15 MC3 + 4T', 0),
(12000136, '(A)SMP 4 X 10 MC3', 0),
(12000137, '(W)SMP 5 X 20 MC3 12A D10T1', 0),
(12000138, '(W)SMP 4 X 18 MC3 D9T0.8', 0),
(12000139, '(A)SMP 4 X 10 MC3 12A', 0),
(12000140, '(A)SMP 5 X 10 MC3', 0),
(12000141, '(W)SMP 5 X 10 MC3 D10T0.8 TB', 0),
(12000142, '(W)SMH 6 X 12 MC3 G4 D13T1', 0),
(12000143, '(M)SMB 4 X 18 MC3 D9T0.8', 0),
(12000144, '(F)SMT 5 X 10 MC3 6.8T D14T1', 0),
(12000145, '(F)SMT 6 X 12 NI-C D18T1.6', 0),
(12000146, '(A)BMP 3 X 15 NI', 0),
(12000147, '(F)SMP 6 X 14 EB D11.5T0.8', 0),
(12000148, '(F)SMP 5 X 12 MC3 D12T0.8', 0),
(12000149, '(Y)SMP 5 X 10 MC3 6.8 D12T0.8', 0),
(12000150, '(Y)SMP 6 X 10 MC3 6.8 D13T1', 0),
(12000151, '(Y)SMP 6 X 12 MC3 6.8 D13T1', 0),
(12000152, '(F)SMT 6 X 12 NI-C 6.8T D18T1.6', 0),
(12000153, '(W)SMB 4 X 8 MC3 18A D10T0.8', 0),
(12000154, '(F)SMP 4 X 12 CF 20K D8T0.8', 0),
(12000155, '(W)SMB 4 X 40 MC3 D10T0.8 HRD', 0),
(12000156, '(W)SMP 4 X 12 CF 20K D8T0.8', 0),
(12000452, '(A)SMP 6 X 20 MC3', 0),
(12000453, '(A)SMP 3 X 8 MC3', 0),
(12000454, '(A)SWR 5.1 X 32-21 KZ', 0),
(12000455, '(W)SWR 4.1 X 32-21 KZ D10T0.8', 0),
(12000456, '(C)SMH 1/4-20 X 16 MC3 6.8 TR K11', 0),
(12000457, '(A)SMP 5 X 12 EB TB 2430', 0),
(12000458, '(A)SMP 6 X 30 MC3', 0),
(12000459, '(W)SMP 4 X 20 MC3 D10T1', 0),
(12000460, '(A)BMP 3 X 22 BR SW MC3', 0),
(12000461, '(F)SMT 6 X 16 EB 6.8T D18T1.6', 0),
(12000462, '(D)SMH 5 X M5X56-38 CF G5 12A UT DT D24T5.5', 0),
(12000463, '(D)SMH 5 X M5X44-26 CF G2 12A UT DT D24T5.5', 0),
(12000464, '(D)SMH 5 X M5X44-26 EB G2 12A UT DT D24T5.5', 0),
(12000465, '(F)SMH 5 X 12 MC3 + 4T D18T1', 0),
(12000466, '(C)SMB 4 X 5 MC3', 0),
(12000467, '(F)SMP 3 X 8 MC3 D6T0.5', 0),
(12000468, '(W)SMP 6 X 16 MC3 D13T1', 0),
(12000469, '(W)SMP 4 X 16 MC3 12A TORX D8T0.8', 0),
(12000470, '(W)SMP 4 X 40 MC3 D9T0.8', 0),
(12000471, '(F)SMP 5 X 16 CF D10T1', 0),
(12000472, '(A)SMP 4 X 6 MC3', 0),
(12000473, '(W)SMP 4 X 10 CF', 0),
(12000474, '(A)SMP 3 X 6 CF', 0),
(12000475, '(W)SMP 4 X 10 CF 12A D10T1', 0),
(12000476, '(F)SMH 6 X 12 CF 20K D11.5T1.6', 0),
(12000477, '(F)SMP 6 X 20 CF 20K D11.5T1.6', 0),
(12000478, '(A)SMP 6 X 10 MC3', 0),
(12000479, '(F)SMP 6 X 16 CF 20K D11.5T1.6', 0),
(12000480, '(F)SMP 5 X 12 CF 12A D12T0.8', 0),
(12000481, '(F)SMP 6 X 16 CF 20K D16T1', 0),
(12000482, '(F)SMB 6 X 16 KF 12A UT D16T1.6', 0),
(12000483, '(F)SMH 5 X 14 KF 20K TR D12T0.8', 0),
(12000484, '(F)SMH 6 X 12 KF 20K D16T1.6', 0),
(12000485, '(F)SMH 6 X 16 KF 20K D16T1.6', 0),
(12000486, '(F)SMH 6 X 20 CF 20K UT D18T1.2', 0),
(12000487, '(F)SMP 6 X 14 KF 20K D11.5T1.6', 0),
(12000488, '(F)SMP 6 X 16 KF 20K D11.5T1.6', 0),
(12000489, '(F)SMP 6 X 20 KF 20K D11.5T1.6', 0),
(12000490, '(W)SMH 6 X 30 KF 20K D18T1.6', 0),
(12000491, '(F)SMH 6 X 20 KF 20K D18T1.6', 0),
(12000492, '(F)SMP 5 X 16 KF 20K D10T1', 0),
(12000493, '(F)SMH 6 X 12 KF 20K D11.5T1.6', 0),
(12000494, '(F)SMH 6 X 30-21 KF 20K D20T1.6', 0),
(12000495, '(F)SMH 6 X 25 KF 20K D11.5T1.6', 0),
(12000496, '(F)SMP 6 X 16 KF 20K D16T1', 0),
(12000497, '(D)SMH 5 X M5X44-26 KF G2 12A UT DT D24T5.5', 0),
(12000498, '(F)SMB 6 X 16 CF 12A UT D16T1.6', 0),
(12000499, '(A)SMP 5 X 12 MC3 20K DOT', 0),
(12000500, '(F)SMP 5 X 16 CF 20K D10T1', 0),
(12000501, '(F)SMP 6 X 12 KF 20K D11.5T1.6', 0),
(12000502, '(A)SMP 4 X 20 CF 12A', 0),
(12000503, '(A)SMP 4 X 10 CF 12A', 0),
(12000504, '(A)SMP 4 X 8 CF', 0),
(12000505, '(F)SMT 6 X 16 MC3 D13T1', 0),
(12000506, '(W)SMP 5 X 20 CF 12A D10T1', 0),
(12000507, '(W)SMP 3 X 8 CF D5.8T0.5', 0),
(12000508, '(A)SMP 3 X 10 CF', 0),
(12000509, '(A)SMP 4 X 25-16 MC3', 0),
(12000510, '(F)SMH 6 X 12 EB 20K D16T1.6', 0),
(12000511, '(F)SMH 5 X 14 CF 20K TR D12T0.8', 0),
(12000512, '(F)SMK 4 X 16 EB + D8T0.5', 0),
(12000513, '(F)SMP 6 X 10 CF 12A D15T1.6', 0),
(12000514, '(F)SMP 5 X 25 KF 20K D10T1', 0),
(12000515, '(A)SMP 3 X 8 CF', 0),
(12000516, '(Y)SMH 5 X 12 CF + 4.8 D12T1', 0),
(12000517, '(F)UMH 6 X 20 SUS UT D12.5T1.5', 0),
(12000518, '(F)UMH 8 X 27 SUS TR UT D17T1.5', 0),
(12000519, '(F)SMT 6 X 12 MC3 D18T1.6', 0),
(12000520, '(W)SMP 4 X 16 MC3 20K TORX D8T0.8', 0),
(12000521, '(W)SMH 6 X 14 MC3 G4 D13T1', 0),
(12000522, '(A)SMW 6 X 11 CF 6.8', 0),
(12000523, '(W)SMP 6 X 14 MC3 D11.5T1.6', 0),
(12000524, '(W)SMP 6 X 14 EB D11.5T1.6', 0),
(12000525, '(F)SMB 6 X 16 CF 12A UT D18T1.6', 0),
(12000526, '(W)SMP 5 X 14 EB D10T1', 0),
(12000527, '(W)SMP 5 X 14 MC3 D10T1', 0),
(12000528, '(A)SMP 3 X 10 CF TB2403', 0),
(12000529, '(W)SMB 6 X 14 EB D13T1', 0),
(12000530, '(A)BMP 3 X 28-15 BR SW MC3', 0),
(12000531, '(W)SMH 3 X 12 MC3 + D6T0.5 4.8 K5.5', 0),
(12000532, '(F)SMH 6 X 6 MC3 4T D13T1', 0),
(12000533, '(A)SMP 3 X 8 KF', 0),
(12000534, '(W)SMP 4 X 10 KF D14T1', 0),
(12000535, '(F)SMH 5 X 10 MC3 + D18T1', 0),
(12000536, '(W)SMB 4 X 12 MC3 D10T1', 0),
(12000537, '(F)UMH 4 X 26 SUS + TR D10T1', 0),
(12000538, '(F)SMT 6 X 16 MC3 6.8T D13T1', 0),
(12000539, '(W)SMP 5 X 16 MC3 6.8T 12T0.8', 0),
(12000540, '(W)SMP 4 X 16 CF D8T0.8', 0),
(12000541, '(W)SMP 3 X 12 MC3 D8T0.5', 0),
(12000542, '(D)SMW 6 X M6X56-38 KF GN1 12A UT D24T5.5', 0),
(12000543, '(F)SMT 6 X 16 MC3 6.8T D18T1.6', 0),
(13000001, '(A)HSMH 8 X 16 MC G7 K12', 0),
(13000002, '(A)HSMP 4 X 13 UC', 0),
(13000003, '(A)HSMP 6 X 16 GR G6.8', 0),
(13000004, '(F)HSMH 5 X 18 GR + D15T2', 0),
(13000005, '(F)HSMH 5 X 20 GR + D15T2', 0),
(13000006, '(F)HSMP 6 X 20 NC D18T1.6', 0),
(13000007, '(P)HSMP 5 X 16 MCB', 0),
(13000008, '(P)HSMP 5 X 30 MCB', 0),
(13000009, '(W)HSMP 5 X 10 GR D12T0.8', 0),
(13000010, '(W)HSMP 5 X 16 GR D12T0.8 G 6.8', 0),
(13000011, '(A)HSMH 8 X 20 MC G7 K12', 0),
(13000012, '(B)HSMH 6 X 35-18 GR D20T1.6', 0),
(13000013, '(F)HSMH 5 X 18 UC + D15T2', 0),
(13000014, '(A)HSMH 6 X 45-18 UC G7', 0),
(13000015, '(P)HSMP 4 X 6 MC G8.8', 0),
(13000016, '(P)HSMP 4 X 8 MC G8.8', 0),
(13000017, '(F)HSMH 6 X 12 ZK G7 D20T1,6', 0),
(13000018, '(F)SMP 6 X 20 UC D11.5T0.8', 0),
(13000019, '(A)HSMH 8 X 25 MC G7 K12', 0),
(13000020, '(P)HSMP 5 X 30 MC', 0),
(13000021, '(P)HSMP 5 X 16 MC', 0),
(13000022, '(F)HSMH 6 X 16 ZK D18T1.6', 0),
(13000023, '(F)HSMH 5 X 18 MC + D15T2', 0),
(13000024, '(W)HSMH 8 X 20 MC G7 D18T1.6', 0),
(13000025, '(P)SMP 5 X 20 UC', 0),
(13000026, '(A)HSMH 8 X 40-18 MC G7 K12', 0),
(13000027, '(B)HSMH 8 X 30 MCB D18 T1.6', 0),
(13000028, '(A)HSMH 10 X 20 MC G7S K14 P1.5', 0),
(13000029, '(A)HSMH 10 X 32-26 MC G7S K14 P1.5', 0),
(13000030, '(A)HSMP 5 X 45 ZK T1', 0),
(13000031, '(A)HSMP 5 X 35 ZK T1', 0),
(13000032, '(A)HSMH 8 X 20 KZ G7 K12', 0),
(13000033, '(A)HSMH 6 X 20 MC G7', 0),
(13000034, '(A)HSMH 6 X 25-16 MC G7', 0),
(13000035, '(A)HSMH 8 X 25-18 MC G7 K12', 0),
(13000036, '(A)HSMH 6 X 12 MC G7', 0),
(13000037, '(A)HSMH 6 X 16 MC G7', 0),
(13000038, '(A)HSMH 6 X 40-16 MC G7', 0),
(13000039, '(A)HSMH 6 X 35-16 MC G7', 0),
(13000040, '(A)HSMH 8 X 30-18 MC G7 K12', 0),
(13000041, '(A)HSMH 8 X 110-100 MC G7 K12', 0),
(13000042, '(A)HSMH 8 X 45-18 MC G7 K12', 0),
(13000043, '(A)HSMH 8 X 55-18 MC G7 K12', 0),
(13000044, '(W)HSMH 5 X 18-12 MC G7 K8 D12T0.8', 0),
(13000045, '(W)HSMH 8 X 85-18 MC G7 K12 D18T1.6', 0),
(13000046, '(A)HSMH 10 X 20 MC G7S K14 P1.25', 0),
(13000047, '(A)HSMH 10 X 22 MC G7S K14 P1.25', 0),
(13000048, '(A)HSMH 10 X 35-20 MC G7S K14 P1.25', 0),
(13000049, '(A)HSMH 8 X 28-18 MC G7 K12', 0),
(13000050, '(W)HSMH 6 X 20-16 MC G7 D13T1', 0),
(13000051, '(F)FB 8 X 27-16 KZ G8 D18T2.3', 0),
(13000052, '(W)HSMH 10 X 30-20 MC G7S K14P1.25 D22T1.', 0),
(13000053, '(W)HSMH 10 X 50-20 MC G7S K14P1.25 D22T1.', 0),
(13000054, '(A)HSMH 8 X 16 GR G7 K12', 0),
(13000055, '(W)SMH 8 X 20 GR G4 D18T1.6', 0),
(13000056, '(F)FB 6 X 20 EB 7T PR UT D18T1.6', 0),
(13000057, '(A)HSMH 10 X 30-20 MC G7S K14 P1.25', 0),
(13000058, '(A)HSMH 8 X 18 MC G7 K12', 0),
(13000059, '(B)HSMH 10 X 50-18 MC G7 K14 P1.25 D22T1.6', 0),
(13000060, '(Z)HSMH 8 X 100-30 MC G7 K12', 0),
(13000061, '(Z)HSMH 8 X 55-35 MC G7 K12', 0),
(13000062, '(A)HSMH 8 X 32-18 MC G7 K12', 0),
(13000063, '(W)HSMH 8 X 30-18 MC G7 K12 D18T1.6', 0),
(13000064, '(W)HSMP 6 X 30 MC D13T1', 0),
(13000065, '(A)HSMH 10 X 22 MC G8S K14 P1.25', 0),
(13000066, '(W)HSMH 8 X 25-18 MC G7 K12 D18T1.6', 0),
(13000067, '(F)FB 6 X 20 GR 7T PR UT D18T1.6', 0),
(13000068, '(A)HSMH 6 X 12 MC +', 0),
(13000069, '(F)FB 8 X 26.5-18 KZ G8 D18T2.3', 0),
(13000070, '(A)HSMH 8 X 15 MC G7 K12', 0),
(13000071, '(P)HSMP 5 X 16 KZ', 0),
(13000072, '(P)HSMP 5 X 30 KZ', 0),
(13000073, '(P)HSMP 4 X 6 KZ G8.8', 0),
(13000074, '(P)HSMP 4 X 8 KZ G8.8', 0),
(13000075, '(A)HSMH 8 X 20 MC + 7T K12', 0),
(13000076, '(A)HSMH 8 X 22 MC G7 K12', 0),
(13000077, '(A)HSMH 6 X 22 MC G7 K10', 0),
(13000078, '(A)HSMH 6 X 28-16 MC G7 MKM', 0),
(13000079, '(W)HSMP 5 X 16 MC3 D12T0.8 G 6.8', 0),
(13000080, '(F)HSMH 6 X 12 UC D18T1.6', 0),
(13000081, '(A)HSMH 6 X 30-16 MC G7', 0),
(13000082, '(F)HSMS 6 X 30 GR G11.9 D11.5T1.6', 0),
(13000083, '(W)HSMH 8 X 50-18 MC G7 K12 D18T1.6', 0),
(13000084, '(F)HSMS 6 X 35-18 GR 10.9T UT D11.5T1', 0),
(13000085, '(W)HSMH 8 X 22 MC3 G7 K12 D18T1.6', 0),
(13000086, '(A)HSMH 8 X 20 MC3 G7 K12', 0),
(13000087, '(A)HSMH 8 X 20 MC3 + 7T K12', 0),
(13000088, '(F)HSMH 6 X 16 GR 7T D11.5T1.6', 0),
(13000089, '(F)HSMH 6 X 12 EB G7 D20T1.6', 0),
(13000090, '(F)HSMH 6 X 16 GR 7T D18T1.6', 0),
(13000091, '(A)HSMP 5 X 35 EB T1', 0),
(13000092, '(A)HSMP 5 X 45 EB T1', 0),
(13000093, '(A)HSMH 6 X 45-18 MC3 G7', 0),
(13000094, '(A)HSMH 8 X 16 MC3 G7 K12', 0),
(13000095, '(A)HSMH 8 X 25 MC3 G7 K12', 0),
(13000096, '(F)HSMH 6 X 12 MC3 + 8T D12T1.2', 0),
(13000097, '(A)HSMH 10 X 20 MC3 G7S K14 P1.5', 0),
(13000098, '(A)HSMH 10 X 32-26 MC3 G7S K14 P1.5', 0),
(13000099, '(A)HSMH 6 X 35-16 MC3 G7', 0),
(13000100, '(W)HSMH 8 X 25-18 MC3 G7 K12 D18T1.6', 0),
(13000101, '(A)HSMH 6 X 30-16 MC3 G7', 0),
(13000102, '(A)HSMH 6 X 40-16 MC3 G7', 0),
(13000103, '(A)HSMH 8 X 18 MC3 G7 K12', 0),
(13000104, '(A)HSMH 8 X 25-18 MC3 G7 K12', 0),
(13000105, '(A)HSMH 8 X 28-18 MC3 G7 K12', 0),
(13000106, '(A)HSMH 8 X 32-18 MC3 G7 K12', 0),
(13000107, '(A)HSMH 8 X 55-18 MC3 G7 K12', 0),
(13000108, '(W)HSMH 6 X 20-16 MC3 G7 D13T1', 0),
(13000109, '(A)HSMH 6 X 12 MC3 +', 0),
(13000110, '(A)HSMH 6 X 16 MC3 G7', 0),
(13000111, '(W)HSMH 5 X 18-12 MC3 G7 K8 D12T0.8', 0),
(13000112, '(A)HSMH 8 X 40-18 MC3 G7 K12', 0),
(13000113, '(A)HSMH 8 X 45-18 MC3 G7 K12', 0),
(13000114, '(A)HSMH 6 X 25-16 MC3 G7', 0),
(13000115, '(W)HSMH 8 X 85-18 MC3 G7 K12 D18T1.6', 0),
(13000116, '(A)HSMH 6 X 20 MC3 G7', 0),
(13000117, '(W)HSMH 8 X 20 MC3 G7 K12 D18T1.6', 0),
(13000118, '(A)HSMH 10 X 20 MC3 G7S K14 P1.25', 0),
(13000119, '(A)HSMH 6 X 60-18 MC G7', 0),
(13000120, '(A)HSMH 6 X 70-18 MC G7', 0),
(13000121, '(A)HSMH 8 X 14 MC G7 K12', 0),
(13000122, '(A)HSMH 6 X 12 MC3 G7', 0),
(13000123, '(A)HSMH 6 X 70-18 MC3 G7', 0),
(13000124, '(A)HSMH 8 X 22 MC3 G7 K12', 0),
(13000125, '(A)HSMH 6 X 10 MC3 G7', 0),
(13000126, '(A)HSMH 6 X 14 MC3 G7', 0),
(13000136, '(A)HSMH 6 X 50-18 MC3 G7', 0),
(13000137, '(A)HSMH 6 X 60-18 MC3 G7', 0),
(13000138, '(A)HSMH 6 X 18 MC3 G7', 0),
(13000139, '(A)HSMH 8 X 14 MC3 G7 K12', 0),
(13000140, '(A)HSMH 8 X 45-22 MC3 G7 K12', 0),
(13000141, '(A)HSMH 8 X 40-22 MC3 G7 K12', 0),
(13000142, '(A)HSMH 8 X 48-22 MC3 G7 K12', 0),
(13000143, '(A)HSMH 8 X 50-22 MC3 G7 K12', 0),
(13000144, '(A)HSMH 8 X 65-22 MC3 G7 K12', 0),
(13000145, '(A)HSMH 6 X 22 MC3 G7 K10', 0),
(13000146, '(A)HSMH 8 X 30-22 MC3 G7 K12', 0),
(13000147, '(A)HSMH 8 X 55-22 MC3 G7 K12', 0),
(13000148, '(A)HSMH 6 X 80-18 MC3 G7', 0),
(13000149, '(F)HSMH 6 X 12 EB G6.8S D11.5T1.6', 0),
(13000150, '(A)HSMH 6 X 65-18 MC3 G7', 0),
(13000151, '(W)HSMP 4 X 25 EB D9T0.8', 0),
(13000152, '(P)SMP 6 X 8 MC3 6.8', 0),
(13000153, '(Y)HSMH 6 X 16 MC3 G7S D13T1', 0),
(13000154, '(P)HSMH 6 X 12 MC3 G7S', 0),
(13000155, '(W)HSMH 10 X 50-20 MC3 G7SK14 P1.25 D22T1.6', 0),
(13000156, '(A)HSMH 8 X 28-22 MC3 G7 K12', 0),
(13000157, '(F)HSMT 5 X 20 EB 8.8 D16T1.2', 0),
(13000158, '(W)SMP 4 X 18 MC3 D8T0.8 TB2411', 0),
(13000159, '(A)HSMS 5 X 11 EB 10.9 TB 2430', 0),
(13000160, '(A)HSMH 8 X 12 MC3 G7 K12', 0),
(13000161, '(A)HSMH 8 X 85-22 MC3 G7 K12', 0),
(13000162, '(A)HSMH 10 X 28 MC3 G7 K14 P1.5', 0),
(13000163, '(A)HSMH 8 X 70-22 MC3 G7 K12', 0),
(13000164, '(F)HSMH 5 X 28 HO 10.9 UT H3 D10T1', 0),
(13000165, '(F)HSMH 6 X 20 MC3 7T D20T1.6', 0),
(13000166, '(F)HSMH 6 X 20 EB 8.8 D18T1.6', 0),
(13000167, '(F)HSMH 5 X 25 CF + 7T UT D15T2', 0),
(13000168, '(A)HSMP 4 X 13 KZ 8.8T', 0),
(13000169, '(A)HSMH 10 X 35-26 MC3 G7 K14 P1.5', 0),
(13000170, '(F)HSMH 6 X 25 CF 7T D20T1.6', 0),
(13000171, '(F)HSMH 5 X 18 KZ + D15T2', 0),
(13000172, '(A)HSMH 6 X 20 MC3 7T TR K10', 0),
(13000173, '(A)HSMH 12 X 30 MC3 G7 K17 P1.75', 0),
(13000174, '(F)HSMH 6 X 16 KF 7T D18T1.6', 0),
(13000175, '(F)HSMS 6 X 30 KF 11.9 D11.5T1.6', 0),
(13000176, '(W)HSMH 6 X 35-18 KF 7T D20T1.6', 0),
(13000177, '(F)HSMH 6 X 16 KF 7T D11.5T1.6', 0),
(13000178, '(A)HSMP 4 X 10 KZ 8.8', 0),
(13000179, '(A)HSMP 5 X 20 KZ 8.8', 0),
(13000180, '(P)HSMS 5 X 9 MC3 8.8 UT', 0),
(13000181, '(P)HSMH 8 X 16 EB G7 K12', 0),
(13000182, '(F)HSMH 6 X 16 CF 7T D18T1.6', 0),
(13000183, '(W)HSMP 4 X 25 MC3 8.8 D10T1', 0),
(13000184, '(W)HSMP 3 X 8 EB 8.8 D6T0.5', 0),
(13000185, '(W)HSMP 3 X 10 EB 8.8 D8T0.5', 0),
(13000186, '(F)HSMH 5 X 22 CF 8.8 D15.2T2', 0),
(13000187, '(W)HSMP 4 X 40 MC3 8.8 D10T0.8', 0),
(13000188, '(P)SMP 5 X 12 MC3 20K', 0),
(13000189, '(W)HSMP 4 X 12 EB 8.8 D10T0.8', 0),
(13000190, '(W)HSMP 4 X 50 EB 8.8 D10T0.8', 0),
(13000191, '(F)HSMH 5 X 18 MC3 + D15T2', 0),
(13000192, '(W)HSMP 4 X 18 MC3 8.8 D10T0.8', 0),
(13000193, '(A)HSMH 10 X 32 MC3 G7 K14 P1.5', 0),
(13000194, '(W)HSMH 6 X 35-18 EB 7T D20T1.6', 0),
(13000195, '(F)HSMH 6 X 12 MC3 D18T1.6', 0),
(13000196, '(F)FB 6 X 16 MC3 7T K8 D16T1.6', 0),
(13000197, '(F)FB 6 X 22 MC3 7T K8 D16T1.6', 0),
(13000198, '(F)HSMH 5 X 20 KF + 7T D15T2', 0),
(13000199, '(F)FB 6 X 14 MC3 7T K8 D16T1.6', 0),
(13000200, '(W)SMP 4 X 20 EB UT 18A HARDEN D8T0.8', 0),
(13000201, '(A)HSMH 8 X 16 MC3 G9', 0),
(13000202, '(F)HSMH 6 X 40 MC3 G8.8S D20T1.6 UT', 0),
(13000203, '(W)HSMP 6 X 15 EB D13T1 8.8T', 0),
(13000204, '(A)HSMH 8 X 20 MC3 G9 UT K12', 0),
(14000001, 'FB 5 X M5X70-20 UC', 0),
(14000002, 'FB 6 X 10 MC G7 PM', 0),
(14000003, 'FB 6 X 10 MC G7 YDI', 0),
(14000004, 'FB 6 X 10 UC G4 IS2', 0),
(14000005, 'FB 6 X 12 GR 7T K8 IS2', 0),
(14000006, 'FB 6 X 12 MC G7 YDI', 0),
(14000007, 'FB 6 X 14 MC G7 MKM', 0),
(14000008, 'FB 6 X 16 GR G7 K8 ISC', 0),
(14000009, 'FB 6 X 16 MC G7 MKM', 0),
(14000010, 'FB 6 X 18-16 MC G7 MKM', 0),
(14000011, 'FB 6 X 20 GR 7T K8 IS2', 0),
(14000012, 'FB 6 X 20-16 MC G7 MKM', 0),
(14000013, 'FB 6 X 22-16 MC G7 MKM', 0),
(14000014, 'FB 6 X 25 GR 7T K8 IS2', 0),
(14000015, 'FB 6 X 25-18 MC G7  YDI', 0),
(14000016, 'FB 6 X 30-16 MC G7 MKM', 0),
(14000017, 'FB 6 X 30-18 GR 7T K8 IS2', 0),
(14000018, 'FB 6 X 38-16 MC G7 MKM', 0),
(14000019, 'FB 6 X 40-18 GR 7T K8 IS2', 0),
(14000020, 'FB 6 X 50-18 MC G7 YDI', 0),
(14000021, 'FB 6 X 50-18 GR 7T K8 IS2', 0),
(14000022, 'FB 6 X 60-16 MC G7 MKM', 0),
(14000023, 'FB 6 X 60-18 GR 7T K8 IS2', 0),
(14000024, 'FB 6 X 65-18 MC G7 YDI', 0),
(14000025, 'FB 6 X 75-18 GR 7T K8 IS2', 0),
(14000026, 'FB 6 X 100-18 GR 7T K8 IS2', 0),
(14000027, 'FB 8 X 12 MC G4 MKM', 0),
(14000028, 'FB 8 X 12 MC G7 MKM', 0),
(14000029, 'FB 8 X 14 MC G4 MKM', 0),
(14000030, 'FB 8 X 14 MC G7 MKM', 0),
(14000031, 'FB 8 X 16 MC G4 MKM', 0),
(14000032, 'FB 8 X 16 MC G7 MKM', 0),
(14000033, 'FB 8 X 18 MC G7 MKM', 0),
(14000034, 'FB 8 X 20-18 MC G4 MKM', 0),
(14000035, 'FB 8 X 20-18 MC G7 MKM', 0),
(14000036, 'FB 8 X 22-18 MC G4 MKM', 0),
(14000037, 'FB 8 X 22-18 MC G7 MKM', 0),
(14000038, 'FB 8 X 25-18 MC G4 MKM', 0),
(14000039, 'FB 8 X 25-18 MC G7 MKM', 0),
(14000040, 'FB 8 X 28-18 MC G4 MKM', 0),
(14000041, 'FB 8 X 28-18 MC G7 MKM', 0),
(14000042, 'FB 8 X 30-18 MC G4 MKM', 0),
(14000043, 'FB 8 X 30-18 MC G7 MKM', 0),
(14000044, 'FB 8 X 35-18 MC G7 MKM', 0),
(14000045, 'FB 8 X 40-18 MC G4 MKM', 0),
(14000046, 'FB 8 X 40-18 MC G7 MKM', 0),
(14000047, 'FB 8 X 45-18 MC G7 MKM', 0),
(14000048, 'FB 8 X 50-18 MC G8 MKM', 0),
(14000049, 'FB 8 X 55-18 MC G4 MKM', 0),
(14000050, 'FB 8 X 55-18 MC G7 MKM', 0),
(14000051, 'FB 8 X 60-18 MC G4 MKM', 0),
(14000052, 'FB 8 X 60-18 MC G7 MKM', 0),
(14000053, 'FB 8 X 65-18 MC G4  MKM', 0),
(14000054, 'FB 8 X 70-18 MC G7 MKM', 0),
(14000055, 'FB 8 X 75-18 MC G7 MKM', 0),
(14000056, 'FB 8 X 80-18 MC G4 MKM', 0),
(14000057, 'FB 8 X 90-18 MC G4 MKM', 0),
(14000058, 'FB 10 X 20 MC G8S P1.25 MKM', 0),
(14000059, 'FB 10 X 25-20 MC G7S P1.25 MKM', 0),
(14000060, 'FB 10 X 30-20 MC G7S P1.25 MKM', 0),
(14000061, 'FB 8 X 10 UC G7 K10 KMI', 0),
(14000062, 'FB 8 X 45-40 MC G7 YDI', 0),
(14000063, 'FB 8 X 35 NC 7T K10 KMI', 0),
(14000064, 'FB 6 X 12 MC MIT', 0),
(14000065, 'FB 6 X 16 MC  G7 YDI', 0),
(14000066, 'FB 6 X 20 MC G7 YDI', 0),
(14000067, 'FB 6 X 22-18 MC G7 YDI', 0),
(14000068, 'FB 6 X 28-18 MC G7 YDI', 0),
(14000069, 'FB 6 X 30-18 MC G7 YDI', 0),
(14000071, 'FB 6 X 60-18 MC G7 YDI', 0),
(14000072, 'FB 6 X 70-18 MC G7 YDI', 0),
(14000073, 'FB 8 X 10 MC G7 YDI', 0),
(14000074, 'FB 8 X 12 MC G7  YDI', 0),
(14000075, 'FB 8 X 14 MC G7 YDI', 0),
(14000076, 'FB 8 X 16 MC G7 YDI', 0),
(14000077, 'FB 8 X 18 MC G7 YDI', 0),
(14000078, 'FB 8 X 20 MC G7 YDI', 0),
(14000079, 'FB 8 X 22 MC G7 YDI', 0),
(14000080, 'FB 8 X 25 MC G7 YDI', 0),
(14000081, 'FB 8 X 30-22 MC G7 YDI', 0),
(14000082, 'FB 8 X 35-22 MC G7 YDI', 0),
(14000083, 'FB 8 X 40-22 MC G7 YDI', 0),
(14000084, 'FB 8 X 60-22 MC G7 YDI', 0),
(14000085, 'FB 8 X 65-22 MC G7 YDI', 0),
(14000086, 'FB 8 X 70-22 MC G7 YDI', 0),
(14000087, 'FB 8 X 75-22 MC G7 YDI', 0),
(14000088, 'FB 10 X 16 MC G4S P1.25 MKM', 0),
(14000090, 'FB 10 X 40-20 MC G7S P1.25 MKM', 0),
(14000091, 'FB 6 X 12 MC G7 MKM', 0),
(14000093, 'FB 8 X 32-18 MC G7 MKM', 0),
(14000094, 'FB 8 X 35-18 MC G4 MKM', 0),
(14000095, 'FB 8 X 50-18 MC G4 MKM', 0),
(14000096, 'FB 8 X 80-18 MC G7 MKM', 0),
(14000097, 'FB 8 X 90-18 MC G7 MKM', 0),
(14000098, 'FB 6 X 12 GR 4T 20C YIM', 0),
(14000099, 'FB 8 X 10 MC G7 MKM', 0),
(14000100, 'FB 8 X 38-18 MC G7 MKM', 0),
(14000101, 'FB 6 X 55-18 MC G7 YDI', 0),
(14000102, 'FB 8 X 30-18 MC G8 MKM', 0),
(14000103, 'FB 6 X 14 UC G7 K8 KMI', 0),
(14000104, 'FB 6 X 14 ZK G7 K8 KMI', 0),
(14000105, 'FB 6 X 20 ZK G7 K8 KMI', 0),
(14000106, 'FB 6 X 35-18 UC 7T K8 KMI', 0),
(14000107, 'FB 6 X 50-18 UC 7T K8 KMI', 0),
(14000108, 'FB 6 X 60-18 UC G7 K8 KMI', 0),
(14000109, 'FB 6 X 65-18 UC 7T K8 KMI', 0),
(14000110, 'FB 6 X 70-18 UC 7T K8 KMI', 0),
(14000111, 'FB 6 X 75-18 UC 7T K8 KMI', 0),
(14000112, 'FB 6 X 40-18 UC 7T K8 KMI', 0),
(14000113, 'FB 8 X 18 MC G4  MKM', 0),
(14000114, 'FB 6 X 50-16 MC G7 MKM', 0),
(14000115, 'FB 8 X 65-18 MC G7 MKM', 0),
(14000116, 'FB 10 X 16 MC G7 P1.5 YDI', 0),
(14000117, 'FB 10 X 20 MC G7 P1.5 YDI', 0),
(14000118, 'FB 10 X 25 MC G7 P1.5 YDI', 0),
(14000119, 'FB 10 X 40-26 MC G7 P1.5 YDI', 0),
(14000120, 'FB 10 X 50-26 MC G7 K14 P1.5 YDI', 0),
(14000121, 'FB 10 X 80-26 MC G7 P1.5 YDI', 0),
(14000122, 'FB 6 X 12 ZK G7 K8 KMI', 0),
(14000123, 'FB 8 X 30 NC 7T K10 KMI', 0),
(14000124, 'FB 10 X 14 MC G7 P1.5 YDI', 0),
(14000125, 'FB 6 X 10 GR G7 K10', 0),
(14000126, 'FB 8 X M8X115-20 GR G8 UT', 0),
(14000127, 'FB 6 X 10 NC 7T K8 KMI', 0),
(14000128, 'FB 10 X 28 MC G7 P1.5 YDI', 0),
(14000129, 'FB 10 X 60-26 MC G7 P1.5  YDI', 0),
(14000130, 'FB 8 X 20 GR - 9.8T K12 D24', 0),
(14000131, 'FB 6 X 12 GR 7T K8 IMI', 0),
(14000132, 'FB 6 X 25 GR 7T K8 IMI', 0),
(14000133, 'FB 6 X 8 ZK 7T K8 KMI', 0),
(14000134, 'FB 6 X 10 GR 7T K8 IS2', 0),
(14000135, 'FB 6 X 12 GR G7 K10 IS2', 0),
(14000136, 'FB 6 X 20 GR 7T K10 IS2', 0),
(14000137, 'FB 6 X 32-18 MC G7 YDI', 0),
(14000138, 'FB 10 X 22 MC G7 P1.5 YDI', 0),
(14000139, 'FB 8 X 12 GR G7 IS2', 0),
(14000140, 'FB 10 X 55-20 MC G7S P1.25 MKM', 0),
(14000141, 'FB 6 X 55-18 GR 7T K8 IS2', 0),
(14000142, 'FB 6 X 65-18 GR 7T K8 IS2', 0),
(14000143, 'FB 6 X 35-18 GR 7T K8 IS2', 0),
(14000144, 'FB 6 X 12 MC3 10.9T K8 SCI', 0),
(14000145, 'FB 10 X 25 GR P1.25 ISC', 0),
(14000146, 'FB 10 X 25-20 MC G4S P1.25 MKM', 0),
(14000147, 'FB 6 X 30-18 NC 7T K8 IS2', 0),
(14000148, 'FB 10 X 38-26 MC G7 P1.5 YDI', 0),
(14000149, 'FB 8 X 50-22 MC G7 YDI', 0),
(14000150, 'FB 10 X 30-20 MC G8S P1.25 MKM', 0),
(14000151, 'FB 10 X 40-20 MC G8S P1.25 MKM', 0),
(14000152, 'FB 6 X 10 ZK 7T K8 KMI', 0),
(14000153, 'FB 8 X 85-18 MC G7 MKM', 0),
(14000154, 'FB 10 X 75-26 MC G7 P1.5 YDI', 0),
(14000155, 'FB 6 X 25 NC 7T K8 IS2', 0),
(14000156, 'FB 10 X 45-26 MC G7 K14 P1.5 YDI', 0),
(14000157, 'FB 6 X 12 EB 7T K8 IS2', 0),
(14000158, 'FB 6 X 16 EB 7T K8 IS2', 0),
(14000159, 'FB 6 X 20 EB 7T K8 IS2', 0),
(14000160, 'FB 6 X 20 MC3 7T K8 IS2', 0),
(14000161, 'FB 6 X 25 EB 7T K8 IS2', 0),
(14000162, 'FB 6 X 25 MC3 7T K8 IS2', 0),
(14000163, 'FB 6 X 30-18 MC3 7T K8 IS2', 0),
(14000164, 'FB 6 X 35-18 EB 7T K8 IS2', 0),
(14000165, 'FB 6 X 35-18 MC3 7T K8 IS2', 0),
(14000166, 'FB 6 X 40-18 MC3 7T K8 IS2', 0),
(14000167, 'FB 6 X 50-18 EB 7T K8 IS2', 0),
(14000168, 'FB 6 X 55-18 NC 7T K8 IS2', 0),
(14000169, 'FB 6 X 65-18 EB 7T K8 IS2', 0),
(14000170, 'FB 6 X 70-18 MC3 7T K8 IS2', 0),
(14000171, 'FB 6 X 75-18 EB 7T K8 IS2', 0),
(14000172, 'FB 8 X 12 EB G7 IS2', 0),
(14000173, 'FB 8 X 12 MC3 G7 IS2', 0),
(14000174, 'FB 10 X 25 EB UT P1.25 IS2', 0),
(14000175, 'FB 8 X 50-18 MC G7 MKM', 0),
(14000176, 'FB 10 X 20 MC G7S P1.25 MKM', 0),
(14000177, 'FB 8 X 110-18 MC G7 MKM', 0),
(14000178, 'FB 6 X 12 MC3 G7 K10 IS2', 0),
(14000179, 'FB 5 X 22-16A EB 6.8T K8', 0),
(14000180, 'FB 10 X 32-26 MC G7 P1.5 YDI', 0),
(14000181, 'FB 10 X 12 MC 4T K12 P1.25 IS2', 0),
(14000182, 'FB 10 X 60-20 MC G7S P1.25 MKM', 0),
(14000183, 'FB 10 X 25 MC3 UT P1.25 IS2', 0),
(14000184, 'FB 8 X 30-22 EB G7 IS2', 0),
(14000185, 'FB 6 X 16 ZK G7 K10 SAN', 0),
(14000186, 'FB 8 X 16 MC3 4T IS2', 0),
(14000187, 'FB 6 X 10 EB 7T K8 IS2', 0),
(14000188, 'FB 6 X 16 MC3 7T K8 IS2', 0),
(14000189, 'FB 6 X 25-18 UC G7 K8 KMI', 0),
(14000190, 'FB 6 X 30-18 EB 7T K8 IS2', 0),
(14000191, 'FB 8 X 25 EB G7 IS2', 0),
(14000192, 'FB 6 X 55-18 EB 7T K8 IS2', 0),
(14000193, 'FB 6 X 60-18 EB 7T K8 IS2', 0),
(14000194, 'FB 6 X 65-18 MC3 7T K8 IS2', 0),
(14000195, 'FB 6 X 12 EB G7 K10 IS2', 0),
(14000196, 'FB 10 X 25-20A MC G7S P1.25 ISZ', 0),
(14000197, 'FB 6 X 12 MC3 + 6.8T K10 C/3 IS4', 0),
(14000198, 'FB 6 X 16 MC3 G7S K10 IS4', 0),
(14000199, 'FB 6 X 30-18 MC3 G7S K10 IS4', 0),
(14000200, 'FB 6 X 40-25 MC3 + 6.8T K10 C/3 IS4', 0),
(14000201, 'FB 10 X M10X100-30 GR G8 UT  P1.25', 0),
(14000202, 'FB 10 X M10X39-13.5 GR G9.8 UT  P1.25', 0),
(14000203, 'FB 6 X 20-16 UC G7 DPM', 0),
(14000204, 'FB 6 X 25-18 UC 7T K8 YIMM', 0),
(14000205, 'FB 5 X 40-15 NI G4 K8', 0),
(14000206, 'FB 10 X M10X120-15 ZK G9 LT UT   P1.25', 0),
(14000207, 'FB 10 X M10X110-20 UC G9 LT UT  P1.25', 0),
(14000208, 'FB 6 X 20-16 NI G4 K10 SPP', 0),
(14000209, 'FB 6 X 35-18 NI G4 K10 SPP', 0),
(14000210, 'FB 6 X 12 MC3 7T K8 IS2', 0),
(14000211, 'FB 6 X 40-18 EB 7T K8 IS2', 0),
(14000212, 'FB 8 X 45-22 MC G7 YDI', 0),
(14000213, 'FB 10 X M10X110-20 MC3 G9 LT UT  P1.25', 0),
(14000214, 'FB 10 X M10X120-15 EB G9 LT UT  P1.25', 0),
(14000215, 'FB 6 X 10 MC3 6.8T K10 IS2', 0),
(14000216, 'FB 6 X 25 GR 7T UT K8 IMI', 0),
(14000217, 'FB 6 X 10 MC3 7T K8 IS2', 0),
(14000218, 'FB 6 X 12 MC3 7T K10 TB', 0),
(14000219, 'FB 8 X 45-22 GR 7T YIMM', 0),
(14000220, 'FB 10 X M10X32-14 GR 5.8T UT  P1.25', 0),
(14000221, 'FB 6 X 55-18 MC3 7T K8 IS2', 0),
(14000222, 'FB 6 X 20 NC 7T K8 KMI', 0),
(14000223, 'FB 6 X 10 MC3 G7 YDI', 0),
(14000224, 'FB 6 X 12 MC3 G7 YDI', 0),
(14000225, 'FB 6 X 22-18 MC3 G7 YDI', 0),
(14000226, 'FB 6 X 25-18 MC3 G7 K10 YDI', 0),
(14000227, 'FB 6 X 65-18 MC3 G7 YDI', 0),
(14000228, 'FB 8 X 22 MC3 G7 YDI', 0),
(14000229, 'FB 8 X 30-22 MC3 G7 YDI', 0),
(14000230, 'FB 8 X 35-22 MC3 G7 YDI', 0),
(14000231, 'FB 10 X 16 MC3 G7 P1.5 YDI', 0),
(14000232, 'FB 10 X M10X95-15 ZN G7 UT  P1.25', 0),
(14000233, 'FB 6 X 40-18 NC 7T K8 IS2', 0),
(14000234, 'FB 6 X 70-18 EB 7T K8 IS2', 0),
(14000235, 'FB 6 X 20 MC3 G7 YDI', 0),
(14000236, 'FB 8 X 12 MC3 G7 YDI', 0),
(14000237, 'FB 8 X 16 MC3 G7 YDI', 0),
(14000238, 'FB 8 X 18 MC3 G7 YDI', 0),
(14000239, 'FB 8 X 20 MC3 G7 YDI', 0),
(14000240, 'FB 8 X 60-22 MC3 G7 YDI', 0),
(14000241, 'FB 8 X 75-22 MC3 G7 YDI', 0),
(14000242, 'FB 10 X 20 MC3 G7 P1.5 YDI', 0),
(14000243, 'FB 10 X 25 MC3 G7 P1.5 YDI', 0),
(14000244, 'FB 10 X 28 MC3 G7 K14 P1.5 YDI', 0),
(14000245, 'FB 10 X 32-26 MC3 G7 P1.5 YDI', 0),
(14000246, 'FB 10 X 60-26 MC3 G7 P1.5 YDI', 0),
(14000247, 'FB 10 X 22 MC3 G7 P1.5 YDI', 0),
(14000248, 'FB 6 X 16 MC3 G7 YDI', 0),
(14000249, 'FB 8 X 14 MC3 G7 YDI', 0),
(14000250, 'FB 8 X 40-22 MC3 G7 YDI', 0),
(14000251, 'FB 6 X 8 EB 7T K8 KMI', 0),
(14000252, 'FB 6 X 14 EB 7T K8 KMI', 0),
(14000253, 'FB 6 X 14 MC3 7T K8 KMI', 0),
(14000254, 'FB 6 X 20 EB 7T K8 KMI', 0),
(14000255, 'FB 6 X 35-18 MC3 7T K8 KMI', 0),
(14000256, 'FB 6 X 40-18 MC3 7T K8 KMI', 0),
(14000257, 'FB 6 X 50-18 MC3 7T K8 KMI', 0),
(14000258, 'FB 6 X 60-18 MC3 7T K8 KMI', 0),
(14000259, 'FB 6 X 65-18 MC3 7T K8 KMI', 0),
(14000260, 'FB 6 X 70-18 MC3 7T K8 KMI', 0),
(14000261, 'FB 6 X 75-18 MC3 7T K8 KMI', 0),
(14000262, 'FB 8 X 10 MC3 7T K10 KMI', 0),
(14000263, 'FB 6 X 22 MC3 7T K8 KMI', 0),
(14000264, 'FB 6 X 10 EB 7T K8 KMI', 0),
(14000265, 'FB 6 X 12 EB 7T K8 KMI', 0),
(14000266, 'FB 6 X 12 ZK UT G7 K10 HMMI', 0),
(14000267, 'FB 10 X 85-20 MC G7 P1.25 MKM', 0),
(14000268, 'FB 10 X 40-26 MC3 G7 P1.5 YDI', 0),
(14000269, 'FB 10 X 80-26 MC3 G7 P1.5 YDI', 0),
(14000270, 'FB 6 X 60-18 MC3 G7 YDI', 0),
(14000271, 'FB 8 X 25 MC3 G7 YDI', 0),
(14000272, 'FB 6 X 60-18 MC3 7T K8 IS2', 0),
(14000273, 'FB 6 X 75-18 MC3 7T K8 IS2', 0),
(14000274, 'FB 8 X 35 MC3 7T K10 KMI', 0),
(14000275, 'FB 10 X 16 MC3 G4S P1.25 MKM', 0),
(14000276, 'FB 10 X 20 MC3 G7S P1.25 MKM', 0),
(14000277, 'FB 10 X 25-20 MC3 G4S P1.25 MKM', 0),
(14000278, 'FB 10 X 25-20 MC3 G7S P1.25 MKM', 0),
(14000279, 'FB 10 X 30-20 MC3 G7S P1.25 MKM', 0),
(14000280, 'FB 10 X 55-20 MC3 G7S P1.25 MKM', 0),
(14000281, 'FB 10 X 60-20 MC3 G7S P1.25 MKM', 0),
(14000282, 'FB 6 X 20-16 MC3 G7 MKM', 0),
(14000283, 'FB 6 X 22-16 MC3 G7 MKM', 0),
(14000284, 'FB 6 X 50-16 MC3 G7 MKM', 0),
(14000285, 'FB 8 X 12 MC3 G4 MKM', 0),
(14000286, 'FB 8 X 12 MC3 G7 MKM', 0),
(14000287, 'FB 8 X 16 MC3 G4 MKM', 0),
(14000288, 'FB 8 X 16 MC3 G7 MKM', 0),
(14000289, 'FB 8 X 18 MC3 G7 MKM', 0),
(14000290, 'FB 8 X 20-18 MC3 G7 MKM', 0),
(14000291, 'FB 8 X 22-18 MC3 G4 MKM', 0),
(14000292, 'FB 8 X 25-18 MC3 G7 MKM', 0),
(14000293, 'FB 8 X 30-18 MC3 G7 MKM', 0),
(14000294, 'FB 8 X 35-18 MC3 G4 MKM', 0),
(14000295, 'FB 8 X 38-18 MC3 G7 MKM', 0),
(14000296, 'FB 8 X 40-18 MC3 G4 MKM', 0),
(14000297, 'FB 8 X 40-18 MC3 G7 MKM', 0),
(14000298, 'FB 8 X 50-18 MC3 G4 MKM', 0),
(14000299, 'FB 8 X 50-18 MC3 G8 MKM', 0),
(14000300, 'FB 8 X 55-18 MC3 G4 MKM', 0),
(14000301, 'FB 8 X 55-18 MC3 G7 MKM', 0),
(14000302, 'FB 8 X 60-18 MC3 G7 MKM', 0),
(14000303, 'FB 8 X 65-18 MC3 G4  MKM', 0),
(14000304, 'FB 8 X 70-18 MC3 G7 MKM', 0),
(14000305, 'FB 8 X 75-18 MC3 G7 MKM', 0),
(14000306, 'FB 8 X 85-18 MC3 G7 MKM', 0),
(14000307, 'FB 8 X 70-22 MC3 G7 YDI', 0),
(14000308, 'FB 10 X 50-26 MC3 G7 K14 P1.5 YDI', 0),
(14000309, 'FB 8 X 110-18 MC3 G7 MKM', 0),
(14000310, 'FB 6 X 12 MC3 G7 MKM', 0),
(14000311, 'FB 8 X 22-18 MC3 G7 MKM', 0),
(14000312, 'FB 10 X 85-20 MC3 G7 P1.25 MKM', 0),
(14000313, 'FB 8 X 80-18 MC3 G7 MKM', 0),
(14000314, 'FB 8 X 50-18 MC3 G7 MKM', 0),
(14000315, 'FB 6 X 25-18 MC3 G7 K10 MHI', 0),
(14000316, 'FB 10 X 40-20 MC3 G7S P1.25 MKM', 0),
(14000317, 'FB 8 X 25-18 MC3 G4 MKM', 0),
(14000318, 'FB 8 X 45-18 MC3 G7 MKM', 0),
(14000319, 'FB 8 X 80-18 MC3 G4 MKM', 0),
(14000320, 'FB 8 X 30-18 MC3 G4 MKM', 0),
(14000321, 'FB 8 X 90-18 MC3 G7 MKM', 0),
(14000322, 'FB 6 X 16 MC3 G7 MKM', 0),
(14000323, 'FB 6 X 10 MC3 G7 MKM', 0),
(14000324, 'FB 6 X 18-16 MC3 G7 MKM', 0),
(14000325, 'FB 8 X 14 MC3 G7 MKM', 0),
(14000326, 'FB 6 X 60-16 MC3 G7 MKM', 0),
(14000327, 'FB 8 X 35-18 MC3 G7 MKM', 0),
(14000328, 'FB 6 X 14 MC3 G7 MKM', 0),
(14000329, 'FB 6 X 25-18 EB 7T K10 MHI', 0),
(14000330, 'FB 6 X 25-18 MC3 7T K10 MHI', 0),
(14000331, 'FB 8 X 10 MC3 G7 K12 YDI', 0),
(14000332, 'FB 8 X 20-18 MC3 G4 MKM', 0),
(14000334, 'FB 6 X 55-18 MC3 G7 YDI', 0),
(14000335, 'FB 10 X 14 MC3 G7 P1.5 YDI', 0),
(14000336, 'FB 5 X 18 MC3 7T K7 TB KMI', 0),
(14000337, 'FB 6 X 70-18 MC3 G7 YDI', 0),
(14000338, 'FB 6 X 32-18 MC3 G7 YDI', 0),
(14000339, 'FB 8 X 45-40 MC3 G7 YDI', 0),
(14000340, 'FB 6 X 28-18 MC3 G7 YDI', 0),
(14000341, 'FB 8 X 50-22 MC3 G7 YDI', 0),
(14000342, 'FB 10 X 75-26 MC3 G7 P1.5 YDI', 0),
(14000343, 'FB 10 X 45-26 MC3 G7 K14 P1.5 YDI', 0),
(14000344, 'FB 10 X 38-26 MC3 G7 P1.5 YDI', 0),
(14000345, 'FB 8 X 65-22 MC3 G7 YDI', 0),
(14000346, 'FB 6 X 50-18 MC3 7T K8 IS2', 0),
(14000347, 'FB 6 X 20 CF 9.8T K8 IMI', 0),
(14000348, 'FB 8 X 25 GR 4T YIMM', 0),
(14000349, 'FB 8 X 16 MC3 7T K10 KMI', 0),
(14000350, 'FB 6 X 10 MC3 7T K8 KMI', 0),
(14000351, 'FB 8 X 28-18 MC3 G4 MKM', 0),
(14000352, 'FB 6 X 16 MC3 7T K8 KMI', 0),
(14000353, 'FB 8 X 40-18 MC3 G7 AJC', 0),
(14000354, 'FB 6 X 16 EB G7 K10 SAN', 0),
(14000355, 'FB 6 X 12 EB 7T K8 IMI', 0),
(14000356, 'FB 8 X 40-22 CF 7T K10 YIMM', 0),
(14000357, 'FB 8 X 35 CF 7T K10 YIMM', 0),
(14000358, 'FB 6 X 20 EB G7 TKG', 0),
(14000359, 'FB 6 X 25-18 MC3 7T K10 IS2', 0),
(14000360, 'FB 8 X 25 MC3 7T IS2', 0),
(14000361, 'FB 12 X M12X254-22 MC3 8.8 UT P1.25 IS2', 0),
(14000362, 'FB 6 X 25 EB 7T K8 IMI', 0),
(14000363, 'FB 10 X 25 MC3 G7 P1.25 KBT', 0),
(14000364, 'FB 10 X 22 MC3 G7 P1.25 KBT', 0),
(14000365, 'FB 10 X 30-26 MC3 G7 P1.25 KBT', 0),
(14000366, 'FB 8 X 30-18 MC3 G8 MKM', 0),
(14000367, 'FB 10 X 70-30 CF G8 UT P1.25', 0),
(14000368, 'FB 10 X 40-26 MC3 7T UT P1.25 IS2', 0),
(14000369, 'FB 10 X M10X76.5-15 CF 8.8 TB 2481', 0),
(14000370, 'FB 6 X 95-18 MC3 7T K8', 0),
(14000371, 'FB 9.5 X M10X35-26 CF G11 UT P1.25', 0),
(14000372, 'FB 8 X 20 CF G6', 0),
(14000373, 'FB 8 X 50-22 MC3 G9', 0),
(14000374, 'FB 11 X M6X36.2-14.5 MC3 8.8 UT K10', 0),
(14000375, 'FB 8 X 90-22 MC3 G7 YDI', 0),
(14000376, 'FB 6 X 100-18 EB 7T K8 IS2', 0),
(14000377, 'FB 6 X 12 CF 20K YIMM', 0),
(14000378, 'FB 6 X 8 MC3 G7 YDI', 0),
(14000379, 'FB 8 X 32-22 MC3 G7 YDI', 0),
(14000380, 'FB 6 X 12 KF 20K YIMM', 0),
(14000381, 'FB 10 X M10X39-13.5 KF 9.8 UT K14 P1.25', 0),
(14000382, 'FB 10 X M10X32-14 KF 35K UT K14 P1.25', 0),
(14000383, 'FB 8 X 25 KF 12A YIMM', 0),
(14000384, 'FB 8 X 45-22 KF 7T YIMM', 0),
(14000385, 'FB 6 X 25-18 CF 8.8 K8 YIMM', 0),
(14000386, 'FB 12 X M12X40-30 MC3 7T P1.25', 0),
(14000387, 'FB 10 X M10X20-17 MC3 G7 UT K14 P1.25', 0),
(14000388, 'FB 10 X M8X51.2-10 FE-K 7T', 0),
(14000389, 'FB 10 X M10X60-20 UC G8.8S P1.25 ISZ', 0),
(14000390, 'FB 6 X 12 KF 7T K8 IMI', 0),
(14000391, 'FB 6 X 25 KF 7T K8 IMI', 0),
(14000392, 'FB 10 X M8X62.4-8 EB 7T TB 2440', 0),
(14000393, 'FB 8 X M6X41.2-9.5 EB 7T TB2430', 0),
(14000394, 'FB 10 X M8X46.4-8 EB 7T TB 2440', 0),
(14000395, 'FB 10 X 50-20 MC G7S P1.25 TBI', 0),
(14000396, 'FB 6 X 30 MC3 7T K8 KMI', 0),
(14000397, 'FB 8 X 45-22 CF 7T YIMM', 0),
(14000398, 'FB 6 X 25-18 CF 7T K10 YIMM', 0),
(14000399, 'FB 10 X M10X95-15 MC3 G7 UT P1.25', 0),
(14000400, 'FB 10 X 12 MC3 4T K12 P1.25 IS2', 0),
(14000401, 'FB 6 X 14 CF 7T K8 IMI', 0),
(14000402, 'FB 6 X 30 NC 7T K8 KMI', 0),
(14000403, 'FB 12 X 20 MC3 4T P1.25', 0),
(14000404, 'FB 6 X 14 CF 7T K10 YIMM', 0),
(14000405, 'FB 8 X 25 CF 7T YIMM', 0),
(14000406, 'FB 6 X 14 CF G9 K10 YIMM', 0),
(14000407, 'FB 8 X 40-22 CF G9 YIMM', 0),
(14000408, 'FB 10 X M10X39-13.5 CF G9 UT K14 P1.25', 0),
(14000409, 'FB 6 X 25 CF 7T K8 IMI', 0),
(14000410, 'FB 6 X 12 CF 7T K8 IMI', 0),
(14000411, 'FB 6 X 12 MC3 G7 ISZ', 0),
(14000412, 'FB 8 X 16 MC G7 ISZ', 0),
(14000413, 'FB 8 X 25-18 MC3 G7 ISZ', 0),
(14000414, 'FB 10 X 25-20 MC3 G7S P1.25 ISZ', 0),
(14000415, 'FB SPC 8 X 25 MC3 7T', 0),
(14000416, 'FB 6 X 10 MC3 G7S K10 IS4', 0),
(14000417, 'FB 5 X 10 MC3 + 6.8 C/3', 0),
(14000418, 'FB 6 X 45-18 MC3 7T K8 IS2', 0),
(14000419, 'FB 10 X 12 MC3 12A K14 P1.25', 0),
(14000420, 'FB 8 X 20 CF G7 HMMI', 0),
(14000421, 'FB 10 X M10X32-14 CF 35K UT K14 P1.25', 0),
(14000422, 'FB 6 X 12 CF 20K', 0),
(14000423, 'FB 8 X 40-22 CF 7T YIMM', 0),
(14000424, 'FB 8 X M8X201-24 GM 10.9 UT', 0),
(14000425, 'FB 8 X 65-22 EB 7T K12 P1.25', 0),
(14000426, 'FB 6 X 60-18 MC3 9.8 K8 DOT', 0),
(14000427, 'FB 6 X 20 MC3 7T K8', 0),
(14000428, 'FB 8 X 23 MC3 9T UT TB2440 LEFT', 0),
(14000429, 'FB 6 X 55-18 MC3 7T K8 KMI', 0),
(14000430, 'FB 10 X M10X290-20 MC3 7T UT P1.25', 0),
(14000431, 'FB 4 X M4X76-13 CF 10.9 UT', 0),
(14000432, 'FB 7.9 X M8X140-22 KZ UT K12 12.9T', 0),
(14000433, 'FB 12 X M12X105-20 KF UT 9.8T K17', 0),
(14000434, 'FB 6 X 12 CF G9 K10 YIMM', 0),
(14000435, 'FB 14 X 45-38 MC3 UT K19 P1.50 10.9T', 0),
(14000436, 'FB 10 X M10X240-26 MC3 K14 P1.25 G9', 0),
(14000437, 'FB 8 X 50-22 MC3 K12 G7S', 0),
(14000438, 'FB 12 X M12X224-18 MC3 UT K14 P1.25 10.9T', 0),
(20000001, 'TSAB 3 X 12 ZK', 0),
(20000002, 'TSAB 3 X 15 ZK', 0),
(20000003, 'TSAB 3 X 16 ZK', 0),
(20000004, 'TSAB 3.5 X 10 ZK', 0),
(20000005, 'TSAB 3.5 X 12 UC', 0),
(20000006, 'TSAB 3.5 X 14 ZK', 0),
(20000007, 'TSAB 3.5 X 20 ZK', 0),
(20000008, 'TSAB 3 X 35-25 MC', 0),
(20000009, 'TSAB 3 X 35-25 ZK', 0),
(20000010, 'TSAB 3 X 40-25 MC', 0),
(20000011, 'TSAB 4 X 10 MC', 0),
(20000012, 'TSAB 4 X 12 MC', 0),
(20000013, 'TSAB 4 X 12 ZK', 0),
(20000014, 'TSAB 4 X 14 ZK', 0),
(20000015, 'TSAB 4 X 15 MC', 0),
(20000016, 'TSAB 4 X 15 ZK', 0),
(20000017, 'TSAB 4 X 16 MC', 0),
(20000018, 'TSAB 4 X 16 NI', 0),
(20000019, 'TSAB 4 X 16 UC', 0),
(20000020, 'TSAB 4 X 16 ZK', 0),
(20000021, 'TSAB 4 X 18 MC', 0),
(20000022, 'TSAB 4 X 18 ZK', 0),
(20000023, 'TSAB 4 X 20 ZK', 0),
(20000024, 'TSAB 4 X 25 ZK', 0),
(20000025, 'TSAB 4 X 40 MC', 0),
(20000026, 'TSAB 4 X 40 ZK', 0),
(20000027, 'TSABH 5 X 15 BK', 0),
(20000028, 'TSABP 3 X 16 SUS ?', 0),
(20000029, 'TSABP 6 X 20 GR', 0),
(20000030, 'TSAF 3 X 8 ZK', 0),
(20000031, 'TSAF 3 X 10 UC', 0),
(20000032, 'TSAF 3 X 10 ZK', 0),
(20000033, 'TSAF 3 X 12 ZK', 0),
(20000034, 'TSAF 3 X 20 ZK', 0),
(20000035, 'TSAF 4 X 12 SUS', 0),
(20000036, 'TSAF 4 X 12 UC', 0),
(20000037, 'TSAF 4 X 15 ZK', 0),
(20000038, 'TSAN 3 X 10 MC D8T0.5', 0),
(20000039, 'TSAN 4 X 12 MC D10T1', 0),
(20000040, 'TSAN 4 X 15 MC D10T1', 0),
(20000041, 'TSAN 4 X 15 ZN', 0),
(20000042, 'TSAN 5 X 16 ZK D12T0.8', 0),
(20000043, 'TSAO 3.5 X 16 ZK', 0),
(20000044, 'TSAO 5 X 16 ZK', 0),
(20000045, 'TSAO 5 X 22 UC', 0),
(20000046, 'TSAP 3 X 6 MC', 0),
(20000047, 'TSAP 3 X 8 MC', 0),
(20000048, 'TSAP 3 X 20 MC', 0),
(20000049, 'TSAP 3.5 X 6 MC', 0),
(20000050, 'TSAP 3.5 X 12 MC', 0),
(20000051, 'TSAP 4 X 12 MC', 0),
(20000052, 'TSAP 4 X 12 ZK', 0),
(20000053, 'TSAP 4 X 14 MC', 0),
(20000054, 'TSAP 4 X 14 ZK', 0),
(20000055, 'TSAP 4 X 28 MC', 0),
(20000056, 'TSAP 4 X 30 MC', 0),
(20000057, 'TSAP 5 X 14 MC', 0),
(20000058, 'TSAP 5 X 14 UC', 0),
(20000059, 'TSAP 5 X 20 MC', 0),
(20000060, 'TSAT 3.5 X 12 ZK', 0),
(20000061, 'TSAT 3.5 X 16 ZK', 0),
(20000062, 'TSAT 3.5 X 20 MC', 0),
(20000063, 'TSAT 4 X 8 MC', 0),
(20000064, 'TSAT 4 X 8 MC EG', 0),
(20000065, 'TSAT 4 X 8 MC SB', 0),
(20000066, 'TSAT 4 X 8 MC SG', 0),
(20000067, 'TSAT 4 X 8 MC SW', 0),
(20000068, 'TSAT 4 X 8 MC AB', 0),
(20000069, 'TSAT 4 X 8 MC CG', 0),
(20000070, 'TSAT 4 X 8 MC LNG', 0),
(20000071, 'TSAT 4 X 10 MC', 0),
(20000072, 'TSAT 4 X 10 SUS', 0),
(20000073, 'TSAT 4 X 10 ZK', 0),
(20000074, 'TSAT 4 X 10 NC ? SUS 410', 0),
(20000075, 'TSAT 4 X 12 MC', 0),
(20000076, 'TSAT 4 X 12 SUS', 0),
(20000077, 'TSAT 4 X 12 UC', 0),
(20000078, 'TSAT 4 X 12 ZK', 0),
(20000079, 'TSAT 4 X 12 MC UR', 0),
(20000080, 'TSAT 4 X 14 MC', 0),
(20000081, 'TSAT 4 X 14 SUS', 0),
(20000082, 'TSAT 4 X 14 SUS WP', 0),
(20000083, 'TSAT 4 X 14 UC', 0),
(20000084, 'TSAT 4 X 16 MC', 0),
(20000085, 'TSAT 4 X 16 NI', 0),
(20000086, 'TSAT 4 X 16 SUS', 0),
(20000087, 'TSAT 4 X 16 UC', 0),
(20000088, 'TSAT 4 X 16 ZK', 0),
(20000089, 'TSAT 4 X 18 SUS', 0),
(20000090, 'TSAT 4 X 18 ZK', 0),
(20000091, 'TSAT 4 X 20 MC', 0),
(20000092, 'TSAT 4 X 25 MC', 0),
(20000093, 'TSAT 4 X 25 SUS', 0),
(20000094, 'TSAT 4 X 25 ZK', 0),
(20000095, 'TSAT 4 X 35 NI', 0),
(20000096, 'TSAT 4 X 35 SUS', 0),
(20000097, 'TSAT W/S 4 X 14 MC SG', 0),
(20000098, 'TSAV 3 X 8 MC', 0),
(20000099, 'TSAV 3 X 8 UC', 0),
(20000100, 'TSAV 3 X 10 MC', 0),
(20000101, 'TSAV 3 X 10 ZK', 0),
(20000102, 'TSAV 3 X 12 MC', 0),
(20000103, 'TSAV 3 X 12 ZK', 0),
(20000104, 'TSAV 3 X 16 UC', 0),
(20000105, 'TSAV 4 X 10 MC', 0),
(20000106, 'TSAV 4 X 10 ZK', 0),
(20000107, 'TSAV 4 X 12 MC', 0),
(20000108, 'TSAV 4 X 12 ZK', 0),
(20000109, 'TSAV 4 X 16 MC', 0),
(20000110, 'TSAV 4 X 20 MC', 0),
(20000111, 'TSAZ 3 X 10 MC D8T0.5', 0),
(20000112, 'TSAZ 3 X 12 MC D8T0.5', 0),
(20000113, 'TSBAP 5 X 16 GR', 0),
(20000114, 'TSBAT 4 X 10 GR', 0),
(20000115, 'TSBAT 4 X 12 GR', 0),
(20000116, 'TSBAT 4 X 12 NC ?SUS 410', 0),
(20000117, 'TSBAT 4 X 14 GR', 0),
(20000118, 'TSBAT 4 X 16 GR', 0),
(20000119, 'TSBAT 5 X 10 GR', 0),
(20000120, 'TSBAT 5 X 12 GR', 0),
(20000121, 'TSBAT 5 X 14 GR', 0),
(20000122, 'TSBAT 5 X 16 GR', 0),
(20000123, 'TSBAT 5 X 20 GR', 0),
(20000124, 'TSBB 4 X 15 MC', 0),
(20000125, 'TSBP 2 X 6 MC', 0),
(20000126, 'TSBP 2.6 X 8 MC', 0),
(20000127, 'TSBP 3 X 6 MC', 0),
(20000128, 'TSBP 3 X 6 UC', 0),
(20000129, 'TSBP 3 X 8 MC', 0),
(20000130, 'TSBP 3.5 X 10-8A MC', 0),
(20000131, 'TSBP 4 X 6 MC', 0),
(20000132, 'TSBP 4 X 25 SUS', 0),
(20000133, 'TSBP 4 X 25 ZK', 0),
(20000134, 'TSBP 5 X 10 GR', 0),
(20000135, 'TSBP 5 X 16 MC ?', 0),
(20000136, 'TSBP 5 X 16 SUS', 0),
(20000137, 'TSBP 5 X 20 ZK', 0),
(20000138, 'TSBP 5 X 25 SUS', 0),
(20000139, 'TSBT 3 X 10 MC', 0),
(20000140, 'TSBT 4 X 8 MC', 0),
(20000141, 'TSBT 4 X 8 UC', 0),
(20000142, 'TSBT 4 X 10 MC', 0),
(20000143, 'TSBT 4 X 12 GR', 0),
(20000144, 'TSBT 4 X 12 MC', 0),
(20000145, 'TSBT 4 X 14 MC', 0),
(20000146, 'TSBT 4 X 16 ZK', 0),
(20000147, 'TSBT 5 X 12 GR', 0),
(20000148, 'TSBT 5 X 12 ZK', 0),
(20000149, 'TSBT 5 X 20 MC', 0),
(20000150, 'TSBT 5 X 25 GR', 0),
(20000151, 'TSBT 5 X 25 MC', 0),
(20000152, 'TSBT 5 X 25 UC', 0),
(20000153, 'TSBT 5 X 30 ZK', 0),
(20000154, 'TSBW 5 X 25 MC +', 0),
(20000155, 'TSCF 4 X 10 SUS D7', 0),
(20000156, 'TSCF 4 X 14 SUS', 0),
(20000157, 'TSCF 4 X 16 SUS', 0),
(20000158, 'TSCP 4 X 8 SUS', 0),
(20000159, 'TSCP 4 X 10 SUS', 0),
(20000160, 'TSCP 4 X 12 SUS', 0),
(20000161, 'TSCV 4 X 8 SUS D7.5', 0),
(20000162, 'UTSBP 5 X 30 ZK', 0),
(20000163, 'TSCV 4 X 40 SUS D7.5', 0),
(20000164, 'TSBW  W/S 4 X 9 ZK + D8', 0),
(20000165, 'TSAT W/S 4 X 10 MC SG', 0),
(20000166, 'TSAB 4 X 20 NI', 0),
(20000167, 'TSAB 3 X 8 ZK', 0),
(20000168, 'TSBB 4 X 12 MC', 0),
(20000169, 'TSBB 4 X 12 ZK', 0),
(20000170, 'TSBB 4 X 16 ZK', 0),
(20000171, 'TSBB 4 X 16 MC', 0),
(20000172, 'TSAT 4 X 20 ZK', 0),
(20000173, 'TSAT 5 X 14 ZK', 0),
(20000174, 'TSAV 3 X 6 MC', 0),
(20000175, 'TSAP 4 X 16 MC', 0),
(20000176, 'TSAP 4 X 6 MC', 0),
(20000177, 'TSAP 4 X 10 MC', 0),
(20000178, 'TSCF 4 X 25 SUS D7', 0),
(20000179, 'TSCV 4 X 8 SUS', 0),
(20000180, 'TSCV 4 X 10 SUS D8.5', 0),
(20000181, 'TSBP 4 X 10 MC', 0),
(20000182, 'TSAP 5 X 25 MC', 0),
(20000183, 'TSAP 2 X 6 UC', 0),
(20000184, 'TSBAT 4 X 12 NC', 0),
(20000185, 'TSCV 4 X 10 SUS', 0),
(20000186, 'TSCV 4 X 25 SUS D7', 0),
(20000187, 'TSAT 3.5 X 20 ZK', 0),
(20000188, 'TSAN 3 X 14 MC D8T0.5', 0),
(20000189, 'TSAB 3 X 10 ZK', 0),
(20000190, 'TSAO 3 X 12 ZK', 0),
(20000191, 'TSAP 4 X 14 UC', 0),
(20000192, 'TSAP 5 X 25 DC', 0),
(20000193, 'TSAP 5 X 35-30 DC', 0),
(20000194, 'TSCV 4 X 25 SUS D7.5', 0),
(20000195, 'TSAT 4 X 10 MC3', 0),
(20000196, 'TSAB 4 X 12 MC3', 0),
(20000197, 'TSAN 4 X 12 MC3 D10T1', 0),
(20000198, 'TSAN 4 X 15 MC3 D10T1', 0),
(20000199, 'TSAT 3.5 X 25 UC', 0),
(20000200, 'TSAT 4 X 14 MC3', 0),
(20000201, 'TSCF 4 X 8 SUS D6', 0),
(20000202, 'TSCV 5 X 10 SUS D9.5 H3', 0),
(20000203, 'TSCF 4 X 16 SUS D7', 0),
(20000204, 'TSBT 4 X 10 MC3', 0),
(20000205, 'TSAB 4 X 10 MC3', 0),
(20000206, 'TSAB 4 X 12 SUS', 0),
(20000207, 'TSAT 4 X 14 ZK', 0),
(20000208, 'TSAB 4 X 15 MC3', 0),
(20000209, 'TSAZ 3 X 10 ZK D8T0.5', 0),
(20000210, 'TSCF 4 X 20 SUS D7', 0),
(20000211, 'TSBP 3 X 6 MC3', 0),
(20000212, 'TSBT 4 X 14 MC3', 0),
(20000213, 'TSBB 4 X 10 MC3', 0),
(20000214, 'TSCT 4 X 10 MC', 0),
(20000215, 'TSBP 4 X 6 MC3', 0),
(20000216, 'TSBP 3 X 6 UC3', 0),
(20000217, 'TSAB 4 X 20 MC3', 0),
(20000218, 'TSAB 4 X 35 MC', 0),
(20000220, 'TSBB 4.8 X 16 MC PZ', 0),
(20000221, 'TSBT 4 X 20 MC3', 0),
(20000222, 'UTSBP 4 X 12 SUS', 0),
(20000223, 'TSBT 4 X 12 MC3', 0),
(20000224, 'TSCV 4 X 16 SUS D8.5 H2.5', 0),
(20000225, 'TSABP 3 X 11 MC ?', 0),
(20000226, 'TSCV 4 X 12 SUS D8.5H2.5', 0),
(20000227, 'TSBAT 5 X 14 GR SOCK', 0),
(20000228, 'TSAT 5 X 16 MC', 0),
(20000229, 'TSBP 4 X 10 UC', 0),
(20000230, 'TSBT 5 X 20 MC3', 0),
(20000231, 'SPC TSBB 3.5 X 7.5 MC +', 0),
(20000232, 'TSAB 4 X 25 EB', 0),
(20000233, 'TSBAP 4 X 12 GR', 0),
(20000234, 'TSAB 3 X 8 MC3', 0),
(20000235, 'TSAB 4 X 35 MC3', 0),
(20000237, 'TSAB 4 X 25 MC3', 0),
(20000238, 'TSBP 5 X 20 GR', 0),
(20000239, 'TSAT 4 X 20 MC3', 0),
(20000240, 'TSAT 3 X 8 SUS', 0),
(20000241, 'TSBB 4 X 15 MC3', 0),
(20000242, 'TSAT 4 X 12 MC3 UR', 0),
(20000243, 'TSAN 3 X 10 MC3 D8T0.5', 0),
(20000244, 'TSAT 4 X 8 MC3 AB', 0),
(20000245, 'TSAT 4 X 8 MC3 CG', 0),
(20000246, 'TSAT 4 X 8 MC3 EG', 0),
(20000247, 'TSAT 4 X 8 MC3 SB', 0),
(20000248, 'TSAT 4 X 8 MC3 SW', 0),
(20000249, 'TSAT 4 X 8 MC3 SG', 0),
(20000250, 'TSAT 4 X 8 MC3 LNG', 0),
(20000251, 'TSAT 4 X 16 MC3', 0),
(20000252, 'TSAK 4 X 8 MC3 FB', 0),
(20000253, 'TSAK 4 X 8 MC3 LNG', 0),
(20000254, 'TSAN 3 X 14 MC3 D8T0.8', 0),
(20000255, 'TSAK 4 X 8 MC3 SW', 0),
(20000256, 'TSBT 4 X 10 ZK', 0),
(20000257, 'TSCB 5 X 22 ZK UT', 0),
(20000258, 'TSAB 4 X 38 MC3', 0),
(20000259, 'TSAK 4 X 8 MC3', 0),
(20000260, 'TSCV 5 X 16 SUS D9.5 H3', 0),
(20000261, 'TSBAP 5 X 12 GR', 0),
(20000262, 'TSCV 5 X 12 SUS D9.5H3', 0),
(20000263, 'TSBP SPC 3 X 10 MC', 0),
(20000264, 'TSAP 4 X 12 NI', 0),
(20000265, 'TSBT 5 X 12 ZK SUS', 0),
(20000266, 'TSBP 4 X 14 MC', 0),
(20000267, 'TSBT 3 X 8 MC', 0),
(20000268, 'TSBAT 5 X 25 GR', 0),
(20000269, 'TSAB 3.5 X 16 EB', 0),
(20000270, 'TSAK 4 X 8 MC3 AB', 0),
(20000271, 'UTSAT 4 X 14 PS', 0),
(20000272, 'TSBB 4 X 12 MC3', 0),
(20000273, 'SPC SMB 4 X 14-10 MC3 ?', 0),
(20000274, 'TSABW 5 X 25 MC3', 0),
(20000275, 'TSABW 5 X 16 MC', 0),
(20000276, 'TSBK SQ 3.5 X 23-11 MC ? TR', 0),
(20000277, 'TSBP 4 X 10 MC3', 0),
(20000278, 'TSBP 4 X 12 UC', 0),
(20000279, 'TSAP 4 X 14 MC3', 0),
(20000280, 'TSBP 3 X 8 MC3 8 MIKRON', 0),
(20000282, 'TSBP 3 X 8 MC 8 MIKRON', 0),
(20000283, 'TSBT 3 X 16 UC', 0),
(20000284, 'TSAT 5 X 16 GR', 0),
(20000285, 'TSBW 4 X 12 UC +', 0),
(20000286, 'TSBAP 5 X 16 EB', 0),
(20000287, 'TSBAT 4 X 12 EB', 0),
(20000288, 'TSBAT 4 X 16 EB', 0),
(20000289, 'TSBAT 5 X 12 EB', 0),
(20000290, 'TSBAT 5 X 16 EB', 0),
(20000291, 'TSBN W/S 3 X 8 MC D6.5T0.8', 0),
(20000292, 'TSAP 4 X 10 MC3', 0),
(20000293, 'TSAB 3 X 12 MC3', 0),
(20000294, 'TSAP 5 X 25 GM', 0),
(20000295, 'TSAP 5 X 35-30 GM', 0),
(20000296, 'TSAT 5 X 12 MC3', 0),
(20000297, 'TSCF 4 X 8 SUS D7', 0),
(20000298, 'TSBAP 5 X 20 SUS', 0),
(20000299, 'TSBAT 5 X 12 MC3', 0),
(20000300, 'TSBAT 5 X 16 MC3', 0),
(20000301, 'TSBAT 5 X 20 EB', 0),
(20000302, 'TSAT 6 X 15 MC', 0),
(20000303, 'TSBAT 4 X 16 MC3', 0),
(20000304, 'TSBAT 5 X 20 MC3', 0),
(20000305, 'TSBAP 5 X 16 MC3', 0),
(20000306, 'TSBAT 4 X 12 MC3', 0),
(20000307, 'TSBN 2.24 X 8 ZK D5T0.4', 0),
(20000308, 'TSBP 3 X 8 UC', 0),
(20000309, 'TSAN 4 X 12 ZK D10TI', 0),
(20000310, 'TSAT 5 X 16 EB', 0),
(20000311, 'TSBN 4 X 14 EB D12T0.8', 0),
(20000312, 'TSBN 4 X 20-7 EB D12T0.8', 0),
(20000313, 'TSBAP 5 X 12 EB', 0),
(20000314, 'TSBT 5 X 30 EB', 0),
(20000315, 'TSBAT 5 X 25 MC3', 0),
(20000316, 'SPC TSBK 5 X 14.3-11.8 MC3 P1.60', 0),
(20000317, 'TSBW 6 X 12 MC3 + D13T0.9', 0),
(20000318, 'TSAT 4 X 18 MC3', 0),
(20000319, 'TSAT 4 X 12 MC3 SW', 0),
(20000320, 'TSAT 4 X 20 EB', 0),
(20000321, 'TSAT 4 X 16 EB', 0),
(20000322, 'TSCF 4 X 17.5 MC', 0),
(20000323, 'TSBP 3 X 10 MC3', 0),
(20000324, 'TSBP 5 X 16 MC3', 0),
(20000325, 'TSBAT 5 X 16 SUS', 0),
(20000326, 'TSAB 4 X 16 MC3', 0),
(20000327, 'TSBT 5 X 20 ZK', 0),
(20000328, 'TSAT 4.5 X 16 UC', 0),
(20000329, 'TSAP 4 X 35 MC', 0),
(20000330, 'TSAV 3 X 16 MC', 0),
(20000331, 'TSAT 5 X 12 UC', 0),
(20000332, 'TSAT 4 X 12 MC3', 0),
(20000333, 'TSBT 5 X 12 UC', 0),
(20000334, 'TSBAT 5 X 10 EB', 0),
(20000335, 'TSBT 5 X 25 MC3', 0),
(20000336, 'TSBT 5 X 12 MC3', 0),
(20000337, 'TSAP 5 X 35-30 MC', 0),
(20000338, 'TSBT 4 X 12 UC', 0),
(20000339, 'TSAB 5 X 14 MC', 0),
(20000340, 'TSAB 3.5 X 14 MC3', 0),
(20000341, 'TSAF 3.5 X 16 EB', 0),
(20000342, 'TSAT 4 X 30 MC3', 0),
(20000343, 'TSAB 4 X 18 MC3', 0),
(20000344, 'TSAB 4 X 35 EB', 0),
(20000345, 'TSAN 3 X 14 MC3 D8T0.5', 0),
(20000346, 'TSAV 4 X 16 MC3', 0),
(20000347, 'TSAV 4 X 20 MC3', 0),
(20000348, 'TSAB 4 X 20 EB', 0),
(20000349, 'TSAT 4 X 25 EB', 0),
(20000350, 'TSAP 4 X 12 MC3 15 M', 0),
(20000351, 'TSAF 3 X 10 MC', 0),
(20000352, 'TSBW 5 X 25 MC3 +', 0),
(20000353, 'TSAB 3.5 X 20 MC3', 0),
(20000354, 'TSAB 3.5 X 20 EB', 0),
(20000355, 'TSAB 4 X 14 EB', 0),
(20000356, 'TSAB 4 X 16 EB', 0),
(20000357, 'TSABN 5 X 12 ZK D11T0.8', 0),
(20000358, 'TSAO 3.5 X 16 EB', 0),
(20000359, 'TSAB 3 X 16 EB', 0),
(20000360, 'TSAO 3.5 X 20 EB', 0),
(20000361, 'TSAT 4 X 12 NC SUS 410', 0),
(20000362, 'TSAT 4 X 16 NC SUS 410', 0),
(20000363, 'TSBT 4 X 8 MC3', 0),
(20000364, 'TSAF 3.5 X 16 MC3', 0),
(20000365, 'TSAP 5 X 25 MC3', 0),
(20000366, 'TSAT 4 X 14 EB', 0),
(20000367, 'TSBT 5 X 16 MC3', 0),
(20000368, 'TSBT 5 X 25 EB', 0),
(20000369, 'TSAV 3 X 16 MC3', 0),
(20000370, 'TSAK 4 X 8 MC3 EG', 0),
(20000371, 'TSBP 5 X 16 EB', 0),
(20000372, 'TSAF 3.5 X 20 EB', 0),
(20000373, 'TSAF 4 X 14 EB', 0),
(20000374, 'TSAO 4 X 20 EB', 0),
(20000375, 'SWF 3.1 X 16 MC3', 0),
(20000376, 'TSAB 4 X 20 ZK SOCK', 0),
(20000377, 'TSBT 5 X 12 ZK 8M', 0),
(20000378, 'TSAT 4 X 8 MC3', 0),
(20000379, 'TSAF 5 X 25 MC3', 0),
(20000380, 'TSAF 4 X 20 EB', 0),
(20000381, 'TSBP SPC 3 X 14 EB', 0),
(20000382, 'TSAB 4 X 45 MC3', 0),
(20000383, 'TSAT 4 X 12 EB', 0),
(20000384, 'TSAN SPC 4 X 16 EB D9T0.7', 0),
(20000385, 'TSAO SPC 4 X 10 EB D7', 0),
(20000386, 'TSAB 5 X 14 ZK', 0),
(20000387, 'TSBN 2.15 X 8 ZK D5T0.4', 0),
(20000388, 'TSAZ 3 X 12 MC3 D8T0.5', 0),
(20000389, 'TSAN SPC 4 X 16 EB D10T0.9', 0),
(20000390, 'TSAN 5 X 16 MC3 D12T0.8', 0),
(20000391, 'TSBT 5 X 25 ZK', 0),
(20000392, 'TSAF 4.5 X 20 MC', 0),
(20000393, 'TSAN 4 X 12 EB D10T0.9', 0),
(20000394, 'TSAV 4 X 10 MC3', 0),
(20000395, 'TSAB 5 X 14 MC3', 0),
(20000396, 'TSAT 4 X 18 MC', 0),
(20000397, 'TSBT 4 X 12 EB', 0),
(20000398, 'TSBB 3 X 20 MC3 +-', 0),
(20000399, 'TSAT 4 X 8 EB', 0),
(20000400, 'TSBT 4 X 12 NI-K', 0),
(20000401, 'TSAF 3.5 X 12 SUS', 0),
(20000402, 'TSAF 3.5 X 16 SUS', 0),
(20000403, 'TSAB 3.5 X 14 EB', 0),
(20000404, 'TSAF 2.6 X 12 MC3', 0),
(20000405, 'TSAN 3 X 6 MC3 D10T0.6', 0),
(20000406, 'TSAP 3 X 10 EB D7', 0),
(20000407, 'TSAF 4 X 20 MC3', 0),
(20000408, 'TSAB 3 X 20 EB', 0),
(20000409, 'TSBT 4 X 40 MC3', 0),
(20000410, 'TSAF 5 X 12 MC3', 0),
(20000411, 'TSAF 5 X 16 MC3', 0),
(20000412, 'TSAP 6 X 25 MC3', 0),
(20000413, 'TSBB 5 X 12 EB', 0),
(20000414, 'TSBT 5 X 10 MC3', 0),
(20000415, 'TSBT 6 X 12 MC3', 0),
(20000416, 'TSBAF 5 X 16 EB', 0),
(20000417, 'TSCN 4 X 10 EB D10T0.9', 0),
(20000418, 'TSAB 3.5 X 10 EB', 0),
(20000419, 'TSBT SPC 3 X 14 EB', 0),
(20000420, 'TSAF 3 X 16 MC3', 0),
(20000421, 'TSAT 4 X 40 EB', 0),
(20000422, 'TSAF 4 X 35 EB', 0),
(20000423, 'TSAF 3 X 12 NI', 0),
(20000424, 'TSAF 3 X 20 MC3', 0),
(20000425, 'TSAF 4 X 40 MC3', 0),
(20000426, 'TSAF 3.5 X 12 EB', 0),
(20000427, 'TSAB 3.5 X 8 EB', 0),
(20000428, 'TSAB 3 X 10 EB', 0),
(20000429, 'TSAF 3 X 10 EB', 0),
(20000430, 'TSABP 5 X 25 EB', 0),
(20000431, 'TSBAT 5 X 12 EB SOCK', 0),
(20000432, 'TSAN 4 X 18 MC3 D10T1', 0),
(20000433, 'TSABP 3 X 18 MC3', 0),
(20000434, 'TSBP 4 X 14 EB', 0),
(20000435, 'TSAB 5 X 22 MC3', 0),
(20000436, 'TSBW 4 X 12 EB +', 0),
(20000437, 'TSAF 2.6 X 15 MC3', 0),
(20000438, 'TSBT 4 X 14 CF', 0),
(20000439, 'TSABB 5 X 22 MC3', 0),
(20000440, 'TSAW 8 X 50 EB ?', 0),
(20000441, 'TSAB 4 X 12 EB', 0),
(20000442, 'TSBAT 5 X 10 MC3', 0),
(20000443, 'TSBB 4 X 12 CF', 0),
(20000444, 'TSAB 3 X 10 MC3', 0),
(20000445, 'TSBAT 5 X 35 NI-K', 0),
(20000446, 'TSAT 4 X 35 EB', 0),
(20000447, 'TSBF SPC 7 X 50-40 MC3', 0),
(20000448, 'TSBK 2.3 X 5 MC3 +', 0),
(20000449, 'TSBB #8 X 15.8 MC3', 0),
(20000450, 'TSBP 3 X 10 EB', 0),
(20000451, 'TSBN SPC 2.2 X 5.8 MC3', 0),
(20000452, 'TSBP SPC 2 X 5 EB', 0),
(20000453, 'TSBP SPC 3 X 10 EB', 0),
(20000454, 'TSBN W/S 3 X 8 UC D6.5T0.8', 0),
(20000455, 'TSAB 4 X 30 EB', 0),
(20000456, 'TSAF 4.5 X 20 MC3', 0),
(20000457, 'TSAT 4 X 17 MC3', 0),
(20000458, 'TSAF 3.5 X 8 EB', 0),
(20000459, 'TSAB 5 X 20 EB', 0),
(20000460, 'TSABO 2.8 X 11.5 BR NON HT', 0),
(20000461, 'TSABO 2.8 X 11.5 NI NON HT', 0),
(20000462, 'TSAF 2.6 X 16 MC3', 0),
(20000463, 'TSAP 4 X 20 MC3', 0),
(20000464, 'TSAR SPC 5 X 16 MC3', 0),
(20000465, 'TSAT 3.5 X 30 EB', 0),
(20000466, 'TSAS 4 X 20 EB KNURL', 0),
(20000467, 'TSAT 5 X 16 MC3', 0),
(20000468, 'TSAT 4 X 30 EB', 0),
(20000469, 'TSAF 3.5 X 20 MC', 0),
(20000470, 'TSBB 5 X 20 MC3', 0),
(20000471, 'RSF #8 X 65-40 MC3', 0),
(20000472, 'TSAP 4 X 16 NI', 0),
(20000473, 'TSAF #9 X 40 EB', 0),
(20000474, 'TSAB 3.5 X 25 EB', 0),
(20000475, 'TSAT 5 X 12 ZK', 0),
(20000476, 'TSBAT 5 X 16 CF', 24000537),
(20000477, 'TSBAT 5 X 16 KF', 24000585),
(20000478, 'TSBAT 5 X 12 KF', 0),
(20000479, 'TSBAT 5 X 12 KF SOCK', 0),
(20000480, 'TSBAT 5 X 10 KF', 0);
INSERT INTO `m_item` (`m_item_id`, `m_item_name`, `m_item_ext_id`) VALUES
(20000481, 'TSBAT 4 X 14 KF', 0),
(20000482, 'TSBW 4 X 12 CF +', 0),
(20000483, 'TSBAT 5 X 14 KF', 0),
(20000484, 'TSBAT 5 X 25 KF', 0),
(20000485, 'TSBW 4 X 12 KF +', 0),
(20000486, 'TSBAT 5 X 20 KF', 0),
(20000487, 'TSBAT 5 X 14 KF SOCK', 0),
(20000488, 'TSBAT 4 X 12 KF', 0),
(20000489, 'TSBP 4 X 14 KF', 0),
(20000490, 'TSBT 5 X 12 KF', 0),
(20000491, 'TSBT 4 X 12 KF', 0),
(20000492, 'TSBP 5 X 30 SUS KF', 0),
(20000493, 'TSBAT 5 X 30 CF', 0),
(20000494, 'TSBAT 5 X 30 KF', 0),
(20000495, 'TSBT 5 X 12 EB', 0),
(20000496, 'TSBW 5 X 25 CF +', 0),
(20000497, 'TSBP 3 X 6 CF', 0),
(20000498, 'TSBAX 4 X 7.3 MC3 D11T1.2', 0),
(20000499, 'TSAF 3 X 12 MC3', 0),
(20000500, 'TSAB 3 X 14 EB', 0),
(20000501, 'TSBP 5 X 20 KF', 0),
(20000502, 'TSBT SPC 3 X 14 KF', 0),
(20000503, 'TSBT 4 X 10 CF', 0),
(20000504, 'TSBT 3 X 8 CF', 0),
(20000505, 'TSBP SPC 3 X 10 CF', 0),
(20000506, 'TSBT 4 X 14 EB', 0),
(20000507, 'TSBT 3 X 16 CF', 0),
(20000508, 'TSAN 4 X 20 EB D10T0.8', 0),
(20000509, 'TSBT 4 X 16 EB', 0),
(20000510, 'TSBAT 5 X 14 CF', 0),
(20000511, 'TSBAT 5 X 12 CF', 0),
(20000512, 'TSAW 8 X 30 EB ?', 0),
(20000513, 'TSAT 4 X 10 EB', 0),
(20000514, 'TSABH 6 X 30-25 MC +', 0),
(20000515, 'TSBT SPC 3 X 16 KF', 0),
(20000516, 'TSBF SPC 3 X 6 NI3', 0),
(20000517, 'TSAO SPC 5.3 X 57-37 NI3 NON HT', 0),
(20000518, 'TSAP 3 X 12 MC3', 0),
(20000519, 'TSAT 4 X 25 MC3', 0),
(20000520, 'TSABF #8 X 5/8 UC', 0),
(20000521, 'TSBP 3 X 8 EB D7', 0),
(20000522, 'TSBN SPC 4 X 8 MC3 D12T1.1', 0),
(20000523, 'TSBAP 4 X 6 MC3', 0),
(20000524, 'TSBAT 5 X 20 CF', 0),
(20000525, 'TSAB 5 X 16 EB', 0),
(20000526, 'TSAF 4 X 30 MC3', 0),
(20000527, 'TSBT SPC 3 X 12 CF', 0),
(20000528, 'TSAF 4 X 30 EB', 0),
(20000530, 'TSAF 4.5 X 30 MC3', 0),
(20000531, 'TSBAT 5 X 25 CF', 0),
(20000532, 'TSAN 5 X 12 EB D11T0.8', 0),
(20000533, 'TSAF 3.5 X 51 MC3', 0),
(20000534, 'TSBP 3 X 12 MC3 D5.6 TORX', 0),
(20000535, 'TSBAT 5 X 12 SUS', 0),
(20000536, 'TSBX 6.5 X M4X11 MC3', 0),
(20000537, 'TSAB 4.5 X 16 NI3', 0),
(20000538, 'TSBP 3 X 10 MC3 16A', 0),
(20000539, 'TSBK SPC 4.4 X 10 MC3 + D14 C/4', 0),
(20000540, 'TSBN 2.24 X 8 EB D5T0.4', 0),
(20000541, 'TSBP 3 X 12 SUS', 0),
(20000542, 'TSBP 3 X 8 SUS', 0),
(20000543, 'TSABT 5 X 16 EB', 0),
(20000544, 'TSBF 4 X 8 EB', 0),
(20000545, 'TSBF 5 X 16 EB', 0),
(20000546, 'TSBP 3 X 16 CF', 0),
(20000547, 'TSAX 4 X 12 CF D11T0.8', 0),
(20000548, 'TSAT 6.5 X M5X17 UC', 0),
(20000549, 'TSBAT 4 X 8 KF', 0),
(20000550, 'TSAF 4 X 12 KF', 0),
(20000551, 'TSAF 4 X 14 KF', 0),
(20000552, 'TSAT 6 X 15 EB', 0),
(20000553, 'TSAP 3 X 8 NI', 0),
(20000554, 'TSBAX 4 X 10 MC3 D11T1.2', 0),
(20000555, 'TSAS 4 X 20 NI3 KNURL', 0),
(20000556, 'TSBN 2.15 X 8 KF D5T0.4', 0),
(20000557, 'TSBF 5 X 12 MC3', 0),
(20000558, 'TSBK 5 X 3X9.5-5 MC3 C/4', 0),
(20000559, 'TSBP 3 X 8 CF', 0),
(20000560, 'TSBP SPC 3 X 14 CF', 0),
(20000561, 'TSBAT 4 X 25 CF', 0),
(20000562, 'TSBAT 4 X 20 KF', 0),
(20000563, 'TSAP 4 X 12 MC3', 0),
(21000001, 'TSB1B 3 X 12 MC', 0),
(21000002, 'TSB1B 3 X 16 MC', 0),
(21000003, 'TSB1B 3 X 16 ZK', 0),
(21000004, 'TSB1F 4 X 10 MC', 0),
(21000005, 'TSB1F 4 X 12 MC', 0),
(21000006, 'TSB1F 4 X 20 ZK', 0),
(21000007, 'TSB1P 3 X 10 MC', 0),
(21000008, 'TSB1P 3 X 10 NI', 0),
(21000009, 'TSB1P 3 X 12 MC', 0),
(21000010, 'TSB1P 3 X 12 SUS', 0),
(21000011, 'TSB1P 3 X 12 UC', 0),
(21000012, 'TSB1P 3 X 16 MC', 0),
(21000013, 'TSB1P 3 X 20 MC', 0),
(21000014, 'TSB1P 3 X 28 UC', 0),
(21000015, 'TSB1P 4 X 8 MC', 0),
(21000016, 'TSB1P 4 X 10 MC', 0),
(21000017, 'TSB1P 4 X 10 SUS', 0),
(21000018, 'TSB1P 4 X 10 UC', 0),
(21000019, 'TSB1P 4 X 12 MC', 0),
(21000020, 'TSB1P 4 X 12 UC', 0),
(21000021, 'TSB1P 4 X 14 MC', 0),
(21000022, 'TSB1P 4 X 14 UC', 0),
(21000023, 'TSB1P 4 X 16 GR', 0),
(21000024, 'TSB1P 4 X 16 MC', 0),
(21000025, 'TSB1P 4 X 16 UC', 0),
(21000026, 'TSB1P 4 X 16 ZK', 0),
(21000027, 'TSB1P 4 X 20 MC', 0),
(21000028, 'TSB1P 4 X 20 UC', 0),
(21000029, 'TSB1P 4 X 20 ZK', 0),
(21000030, 'TSB1P 4 X 30 ZK', 0),
(21000031, 'TSB1P W/S 4 X 10 MC', 0),
(21000032, 'TSB1T 3.5 X 10 MC', 0),
(21000033, 'TSB1T 3.5 X 12 MC', 0),
(21000034, 'TSB1T 4 X 8 MC', 0),
(21000035, 'TSB1T 4 X 10 MC', 0),
(21000036, 'TSB1T 4 X 10 SUS', 0),
(21000037, 'TSB1T 4 X 12 MC', 0),
(21000038, 'TSB1T 4 X 12 SUS', 0),
(21000039, 'TSB1T 4 X 12 ZK', 0),
(21000040, 'TSB1T 4 X 14 MC', 0),
(21000041, 'TSB1T 4 X 14 SUS', 0),
(21000042, 'TSB1T 4 X 16 MC', 0),
(21000043, 'TSB1T 4 X 16 SUS', 0),
(21000044, 'TSB1T 4 X 16 ZK', 0),
(21000045, 'TSB1T 5 X 25 MC', 0),
(21000046, 'TSB1T 5 X 30 MC', 0),
(21000047, 'TSB1T 5 X 35 MC', 0),
(21000048, 'TSB1V 3 X 12 MC', 0),
(21000049, 'TSB1V 3 X 12 ZK', 0),
(21000050, 'TSC1H 5 X 20 MC', 0),
(21000051, 'TSC1P 5 X 20 ZK', 0),
(21000052, 'TSB1P 5 X 20 MC', 0),
(21000053, 'TSB1F 3 X 10 DC', 0),
(21000054, 'TSC1H 5 X 16 MC', 0),
(21000055, 'TSB1P 4 X 12 MC3', 0),
(21000056, 'TSB1V 3 X 15 MC', 0),
(21000057, 'TSB1T SPC #8 X 8.5 MC3 8M', 0),
(21000058, 'TSB1N 4 X 15 CF D10.2T0.8', 0),
(21000059, 'TSB1P 4 X 10 CF', 0),
(21000060, 'TSB1P 5 X 14 MC3', 0),
(21000111, 'TSB1P 4 X 20 CF', 0),
(21000167, 'TSBAT 5 X 12 UC', 0),
(21000168, 'ETSCW 5.6 X 38 MC', 0),
(21000169, 'TSCV 4 X 10 SUS D8.5 H2.5', 0),
(21000170, 'TSB1P 3 X 20 ZK', 0),
(21000171, 'TSC1H 5 X 16 MC3', 0),
(21000172, 'TSB1B 4 X 45 MC', 0),
(21000173, 'TSC1H 5 X 20 MC3', 0),
(21000174, 'TSB1P 3 X 12 UC3', 0),
(21000175, 'TSB1P W/S 4 X 10 MC3', 0),
(21000176, 'TSB1P 3 X 12 MC3', 0),
(21000177, 'TSB1T 4 X 18 MC', 0),
(21000178, 'TSB1T 5 X 12 UC', 0),
(21000179, 'TSB1B 4,2 X 13 UC +', 0),
(21000180, 'TSB1P 3 X 24 MC', 0),
(21000181, 'TSB1B 3 X 12 MC3', 0),
(21000182, 'TSB1P 5 X 14 UC', 0),
(21000183, 'TSB1P 5 X 14 MC', 0),
(21000184, 'TSB1B 3 X 16 MC3', 0),
(21000185, 'TSB1P 4 X 20 MC3', 0),
(21000186, 'TSB1T 4 X 16 MC3', 0),
(21000187, 'TSB1V 4 X 10 MC', 0),
(21000188, 'TSBP 4 X 14 ZK', 0),
(21000189, 'TSB1P 4 X 20 EB', 0),
(21000190, 'TSB1P 4 X 30 MC', 0),
(21000191, 'TSB1P 4.2 X 13 UC', 0),
(21000192, 'TSB1F 3 X 10 GM', 0),
(21000193, 'TSB1P 4 X 8 MC3', 0),
(21000194, 'TSB1T 5 X 12 ZK', 0),
(21000195, 'TSB1P 4 X 14 MC3', 0),
(21000196, 'TSB1T 5 X 16 EB', 0),
(21000197, 'TSC1P 5 X 8 MC3', 0),
(21000198, 'TSC1P 5 X 10 MC3', 0),
(21000199, 'TSB1B 3 X 10 MC', 0),
(21000200, 'TSB1T 4 X 12 UC', 0),
(21000201, 'TSB1T 4 X 12 MC3', 0),
(21000202, 'TSB1P 3 X 10 MC3', 0),
(21000203, 'TSB1P 4 X 25 EB', 0),
(21000204, 'TSB1P 4 X 16 MC3', 0),
(21000205, 'TSB1B 3 X 10 MC3', 0),
(21000206, 'TSB1T 4 X 25 MC', 0),
(21000207, 'TSB1B 3 X 14 EB', 0),
(21000208, 'TSB1B 3 X 14 MC3', 0),
(21000209, 'TSC1B 4.5 X 10 MC', 0),
(21000210, 'TSB1P 3 X 18 MC3', 0),
(21000211, 'TSB1T 4 X 18 MC3', 0),
(21000212, 'TSB1T 4 X 25 MC3', 0),
(21000213, 'TSB1T 4 X 8 MC3', 0),
(21000214, 'TSB1T 4 X 12 CF', 0),
(21000215, 'TSB1P SPC 4 X 8 MC', 0),
(21000216, 'TSB1P 3 X 8 UC', 0),
(21000217, 'TSB1B 3 X 8 MC3', 0),
(21000218, 'TSB1P SPC 3 X 8 MC3', 0),
(21000219, 'TSB1P SPC 3 X 8 UC', 0),
(21000220, 'TSB1B 3 X 8 MC', 0),
(21000221, 'TSB1P SPC 3 X 8 MC', 0),
(21000222, 'TSB1O 4 X 12 CF', 0),
(21000223, 'TSB1B 3 X 20 CF', 0),
(21000224, 'TSB1B 3 X 16 CF', 0),
(21000225, 'TSB1P 4 X 25 CF', 0),
(21000226, 'TSB1P 4 X 16 EB', 0),
(21000227, 'TSB1P 3 X 12 EB', 0),
(21000228, 'TSB1N 4 X 10 MC3 D10T1', 0),
(21000229, 'TSB1T 4 X 10 MC3', 0),
(21000230, 'TSB1T 4 X 14 CF', 0),
(21000231, 'TSB1P 4 X 14 EB', 0),
(21000232, 'TSB1P 4 X 12 EB', 0),
(21000233, 'TSB1P 3 X 8 MC3', 0),
(21000234, 'TSB1B 3 X 16 EB', 0),
(21000235, 'DRILL SCREW 4 X 22 ZK', 0),
(21000236, 'TSC1B 4.5 X 10 MC3 P0.75', 0),
(21000237, 'TSB1B 3 X 10 CF', 0),
(21000238, 'TSB1T 4 X 14 MC3 TORX', 0),
(21000239, 'TSB1P 4 X 30 CF', 0),
(21000240, 'TSB1P 4 X 14 CF', 0),
(21000241, 'TSB1P 4 X 14 KF', 0),
(21000242, 'TSB1T 4 X 12 KF', 0),
(21000243, 'TSB1P 4 X 20 KF', 0),
(21000244, 'TSB1P 4 X 25 KF', 0),
(21000245, 'TSB1P 5 X 14 CF', 0),
(21000246, 'TSB1P 4 X 16 KF', 0),
(21000247, 'TSB1P 4 X 16 CF', 0),
(21000248, 'TSB1P 3 X 12 CF', 0),
(21000249, 'TSB1P 4 X 12 CF', 0),
(21000250, 'TSB1T 5 X 12 CF', 0),
(21000251, 'TSB1P 3 X 10 CF', 0),
(21000252, 'TSB1P 3 X 16 CF', 0),
(21000253, 'TSB1B 3 X 14 CF', 0),
(21000254, 'TSB1P SPC 3 X 8 CF', 0),
(21000255, 'TSB1B 3 X 8 CF', 0),
(21000256, 'TSB1B 3 X 12 CF', 0),
(21000257, 'TSC1O 4 X 12 UC', 0),
(21000258, 'TSB1H 5 X 14 MC3 K10', 0),
(21000259, 'TSB1H 6 X 14 MC3 +', 0),
(21000260, 'TSB1H 6 X 14 MC +', 0),
(21000261, 'TSB1B 3 X 8 KF', 0),
(21000262, 'TSB1P 4 X 12 MC3 15M', 0),
(21000263, 'TSB1B 3 X 10 EB', 0),
(21000264, 'TSB1T 4 X 16 KF', 0),
(21000265, 'TSC1O 4 X 12 ZK', 0),
(21000266, 'TSB1T 5 X 16 KF', 0),
(21000267, 'TSB1O 4 X 12 KF', 0),
(22000001, '(F)TSAB 4 X 16 MC', 0),
(22000002, '(F)TSABH 5 X 25 MC +', 0),
(22000003, '(F)TSBAT 5 X 16 GR D12T0.8', 0),
(22000004, '(F)TSBT 4 X 10 GR D10T1', 0),
(22000005, '(F)TSBT 5 X 16 GR D12T0.8', 0),
(22000006, '(F)TSBT 5 X 16 NC D12T0.8', 0),
(22000008, '(Q)TSABH 5 X 28 MC + D17T3.8', 0),
(22000009, '(Q)TSABH 5 X 30 MC + D22T3.8', 0),
(22000010, '(Q)TSAH 5 X 25 MC + D17T3.8', 0),
(22000011, '(Q)TSAH 5 X 30 MC + D22T3.8', 0),
(22000012, '(Q)TSAH 5 X 34 MC + D22T3.8', 0),
(22000013, '(Q)TSCH 6 X 25 ZK + D22T3.8', 0),
(22000014, '(Q)TSAH 5 X 34 MC + D17T3.8', 0),
(22000015, '(Q)TSABH 5 X 32 MC3 + D17T3.8', 0),
(22000016, '(F)TSBAB 4 X 16 MC D17T0.8', 0),
(22000017, '(F)TSAB 4 X 25 MC D17T0.8', 0),
(22000018, '(Q)TSAH 5 X 30 MC + D22T3.8 +21E', 0),
(22000019, '(Q)TSAH 5 X 30 MC + D22T3.8 +21F', 0),
(22000020, '(Q)TSAH 5 X 34 MC + D22T3.8 +21E', 0),
(22000021, '(Q)TSAH 5 X 34 MC + D22T3.8 +21F', 0),
(22000022, '(Q)TSAH 5 X 34 MC + D22T3.8 +919C', 0),
(22000023, '(Q)TSAH 5 X 34 MC + D17T3.8 +919C', 0),
(22000024, '(Q)TSAH 5 X 30 MC3 + D22T3.8 +21E', 0),
(22000025, '(Q)TSAH 5 X 30 MC3 + D22T3.8 +21F', 0),
(22000026, '(Q)TSAH 5 X 34 MC3 + D22T3.8 +21E', 0),
(22000027, '(Q)TSAH 5 X 34 MC3 + D22T3.8 +21F', 0),
(22000028, '(Q)TSAH 5 X 34 MC3 + D22T3.8 +919C', 0),
(22000029, '(Q)TSAH 5 X 34 MC3 + D17T3.8 +919C', 0),
(22000030, '(Q)TSAH 5 X 30 MC3 + D22T3.8', 0),
(22000031, '(Q)TSAH 5 X 34 MC3 + D22T3.8', 0),
(22000032, '(Q)TSAH 5 X 34 MC3 + D17T3.8', 0),
(22000033, '(F)TSBAT 5 X 16 EB D12T0.8', 0),
(22000035, '(F)TSBAT 5 X 16 MC3 D12T0.8', 0),
(22000036, '(F)TSAB 4 X 14 ZK D14T1', 0),
(22000037, '(F)TSAB 4 X 25 MC3 D17T0.8', 0),
(22000038, '(F)TSBAB 4 X 16 MC3 D17T0.8', 0),
(22000039, '(Q)TSABH 5 X 30 MC3 + D22T3.8', 0),
(22000040, '(F)TSAT 5 X 16 MC3 D18T1', 0),
(22000041, '(F)TSAB 4 X 16 MC3 D14T1', 0),
(22000042, '(W)TSCP SPC 3 X 6 NI3 D7T0.5', 0),
(22000043, '(W)TSCP SPC 4 X 8 EB D8T0.8', 0),
(22000044, '(W)TSBT 4 X 12 MC3 D10T0.8', 0),
(22000045, '(F)TSABP 4 X M4X14.5-11.6 MC3 D10T1.2', 0),
(22000046, '(F)TSAH 6 X 16 KF D16T1', 0),
(23000001, '(F)TSB1P 4 X 16 MC D10T1', 0),
(23000002, '(W)TSB1P 4 X 14 UC D8T0.8', 0),
(23000003, '(F)TSBH 5.75 X 25 MC + D16T1.2 HI-LO', 0),
(23000004, '(F)PCAH 6 X 35 MC D20T1.2 K8', 0),
(23000005, '(Q)PCH 7 X 28 MC +D22T3.8', 0),
(23000006, '(Q)PCH 7 X 33 MC +D22T3.8', 0),
(23000007, '(Q)PCH 7 X 40 MC +D22T3.8', 0),
(23000008, '(Q)PCH 7 X 40 MC +D17T3.8', 0),
(23000009, '(F)TSABH 5 X 25 MC3 +', 0),
(23000010, '(Q)TSABH 5 X 28 MC3 + D17T3.8', 0),
(23000011, '(F)TSB1P 5 X 12 GR D12T0.8', 0),
(23000012, '(Q)PCH 7 X 40 MC +D17T3.8+919C', 0),
(23000013, '(Q)PCH 7 X 40 MC +D17T3.8+420A', 0),
(23000014, '(Q)TSABH 6 X 33 MC3 +D20', 0),
(23000015, '(Q)PCH 7 X 40 MC3 +D17T3.8+919C', 0),
(23000016, '(Q)PCH 7 X 40 MC3 +D17T3.8+420A', 0),
(23000017, '(Q)PCH 7 X 40 MC3 +D17T3.8', 0),
(23000018, '(F)TSB1P 5 X 12 EB D12T0.8', 0),
(23000019, '(A)TSC1T 4 X 16 MC3', 0),
(23000020, '(Q)PCH 7 X 40 MC3 +D17T3.8 +H721F', 0),
(23000021, '(F)TSB1H 6 X 10 MC3 + D16T1', 0),
(23000022, '(F)TSB1R 5.2 X M5X18 CF D12T0.8', 0),
(23000216, '(Q)TSAH 5 X 34 MC3 + D17T3.8 +21E', 0),
(23000217, '(Q)TSAH 5 X 34 MC3 + D17T3.8 +21F', 0),
(23000218, '(F)TSBT 5 X 14 ZK  D20T1', 0),
(23000219, '(W)TSCP 2.6 X 6.9 MC3 D8T0.5', 0),
(23000220, '(F)TSAP 4 X 16 MC D12T1', 0),
(23000221, '(W)TSCP 4 X 45 MC3 D9T0.8', 0),
(23000222, '(F)TSBT 5 X 14 KF D20T1', 0),
(23000223, '(W)TSB1P 4 X 14 CF D8T0.8', 0),
(23000224, '(F)TSB1H 6 X 12 MC3 + D16T1', 0),
(23000225, '(F)TSB1R 4.2 X M4X23 CF D10T0.8', 0),
(24000001, 'BTB 2.6 X 6 MC ?', 0),
(24000002, 'BTB 3 X 6 MC', 0),
(24000003, 'BTB 3 X 6 ZK', 0),
(24000004, 'BTB 3 X 8 MC', 0),
(24000005, 'BTB 3 X 8 NI', 0),
(24000006, 'BTB 3 X 8 ZK', 0),
(24000007, 'BTB 3 X 10 ZK', 0),
(24000008, 'BTB 3 X 12 MC', 0),
(24000009, 'BTB 3 X 12 NI', 0),
(24000010, 'BTB 3 X 12 ZK', 0),
(24000011, 'BTB 3 X 16 ZK', 0),
(24000012, 'BTB 3.5 X 10 ZK', 0),
(24000013, 'BTB 3.5 X 12 MC', 0),
(24000014, 'BTB 3.5 X 12 ZK', 0),
(24000015, 'BTB 3.5 X 14 ZK', 0),
(24000016, 'BTB 4 X 10 MC', 0),
(24000017, 'BTB 4 X 10 ZK', 0),
(24000018, 'BTB 4 X 12 MC', 0),
(24000019, 'BTB 4 X 12 ZK', 0),
(24000020, 'BTB 4 X 16 MC', 0),
(24000021, 'BTB 4 X 16 ZK', 0),
(24000022, 'BTB 4 X 20 MC', 0),
(24000023, 'BTF 3 X 6 ZK', 0),
(24000024, 'BTF 3 X 8 ZK', 0),
(24000025, 'BTF 3 X 10 ZK', 0),
(24000026, 'BTF 3 X 14 MC', 0),
(24000027, 'BTN 3 X 6 MC D8T0.5', 0),
(24000028, 'BTN 3 X 6 ZK D8T1', 0),
(24000029, 'BTN 3 X 8 ZK D8T1', 0),
(24000030, 'BTN 3 X 10 MC D10T0.5', 0),
(24000031, 'BTN 3 X 10 ZK D8T1', 0),
(24000032, 'BTN 3 X 12 ZK D8T1', 0),
(24000033, 'BTP 3 X 6 MC', 0),
(24000034, 'BTP 3 X 6 ZK', 0),
(24000035, 'BTP 3 X 8 ZK', 0),
(24000036, 'BTP 3 X 10 MC', 0),
(24000037, 'BTP 3 X 10 ZK', 0),
(24000038, 'BTP 3 X 12 ZK', 0),
(24000039, 'BTP 3 X 16 UC', 0),
(24000040, 'BTP 4 X 10 ZK', 0),
(24000041, 'BTV 3 X 6 MC', 0),
(24000042, 'BTV 3 X 6 ZK', 0),
(24000043, 'BTV 3 X 8 MC', 0),
(24000044, 'BTV 3 X 8 NC', 0),
(24000045, 'BTV 3 X 8 ZK', 0),
(24000046, 'BTV 3 X 10 MC', 0),
(24000047, 'BTV 3 X 10 ZK', 0),
(24000048, 'BTV 3 X 12 MC', 0),
(24000049, 'BTV 3 X 12 ZK', 0),
(24000050, 'BTV 3 X 15 MC', 0),
(24000051, 'BTV 3 X 15 ZK', 0),
(24000052, 'BTV 3 X 16 MC', 0),
(24000053, 'BTV 3 X 25-16 ZK', 0),
(24000054, 'BTV 4 X 6 MC', 0),
(24000055, 'BTV 4 X 8 MC', 0),
(24000056, 'BTV 4 X 8 NC', 0),
(24000057, 'BTV 4 X 8 NI', 0),
(24000058, 'BTV 4 X 8 ZK', 0),
(24000059, 'BTV 4 X 10 MC', 0),
(24000060, 'BTV 4 X 12 MC', 0),
(24000061, 'BTV 4 X 12 ZK', 0),
(24000062, 'BTV 4 X 16 MC', 0),
(24000063, 'BTV 4 X 16 ZK', 0),
(24000064, 'BTV 4 X 20 MC', 0),
(24000065, 'BTZ 3 X 6 MC D8T0.5', 0),
(24000066, 'BTZ 3 X 6 NC D8T0.5', 0),
(24000067, 'BTZ 3 X 6 ZK D8T0.5', 0),
(24000068, 'BTZ 3 X 8 MC D8T0.5', 0),
(24000069, 'BTZ 3 X 8 NC D8T0.5', 0),
(24000070, 'BTZ 3 X 10 MC D8T0.5', 0),
(24000071, 'BTZ 3 X 12 MC D8T0.5', 0),
(24000072, 'BTZ 3 X 16 MC D8T0.5', 0),
(24000073, 'PTB 3 X 8 MC', 0),
(24000074, 'PTB 4 X 8 ZK', 0),
(24000075, 'PTB 4 X 12 ZK', 0),
(24000076, 'PTB 4 X 16 MC', 0),
(24000077, 'PTF 2 X 7 ZK', 0),
(24000078, 'PTP 4 X 16 MC', 0),
(24000079, 'PTT 4 X 10 ZK', 0),
(24000080, 'PTT 4 X 12 MC', 0),
(24000081, 'PTT 4 X 12 ZK', 0),
(24000082, 'PTT 4 X 14 ZK', 0),
(24000083, 'PTT 4 X 16 ZK', 0),
(24000084, 'PTT 4 X 20 ZK', 0),
(24000085, 'PTV 3 X 12 ZK', 0),
(24000086, 'PTV 3 X 16 ZK', 0),
(24000087, 'PTZ 3 X 10 ZK D8T1', 0),
(24000088, 'PTZ 3 X 12 ZK D8T1', 0),
(24000089, 'PTZ 3 X 16 ZK D8T1', 0),
(24000090, 'STB 3 X 8 ZK', 0),
(24000091, 'STB 4 X 8 NI', 0),
(24000092, 'STB 4 X 8 ZK', 0),
(24000093, 'STB 4 X 10 MC', 0),
(24000094, 'STB 4 X 10 NI', 0),
(24000095, 'STP 2 X 5.5 MC', 0),
(24000096, 'STP 3 X 6 MC', 0),
(24000097, 'STP 3 X 8 MC 8 MIKRON', 0),
(24000098, 'STP 4 X 8 MC', 0),
(24000099, 'STP 4 X 10 MC', 0),
(24000100, 'STP 4 X 12 MC', 0),
(24000101, 'STT 4 X 12 MC', 0),
(24000102, 'STT 5 X 16 MC', 0),
(24000103, 'STT W/S 4 X 10 MC', 0),
(24000104, 'STW 5 X 12 MC +', 0),
(24000105, 'STW 5 X 16 MC + FLANGE', 0),
(24000106, 'STW 5 X 16 NI + RATA', 0),
(24000107, 'STW 5 X 16 NI + FLANGE', 0),
(24000108, 'STW 5 X 16 UC', 0),
(24000109, 'STF 4 X 10 EB', 0),
(24000110, 'PTV 3 X 10 ZK', 0),
(24000111, 'BTV 4 X 14 ZK', 0),
(24000112, 'PTZ 3 X 12 ZK D8T1 +WASHER RUBBER', 0),
(24000114, 'BTV 4 X 10 ZK', 0),
(24000115, 'PTP 3 X 30-20 UC', 0),
(24000116, 'STW 6 X 16 MC RATA', 0),
(24000117, 'BTB 3 X 8 ZKB', 0),
(24000118, 'SWR 3.1 X 25 MC', 0),
(24000119, 'BTP 3 X 16 MC', 0),
(24000120, 'SWR 4.5 X 38 MC', 0),
(24000121, 'BTP 3 X 8 MC', 0),
(24000122, 'BTP 3 X 20 MC ?', 0),
(24000123, 'STP 4 X 6 MC', 0),
(24000124, 'BTB 4 X 8 MC', 0),
(24000125, 'BTZ 3 X 8 MC3 D8T0.5', 0),
(24000126, 'BTZ 3 X 10 MC3 D8T0.5', 0),
(24000127, 'BTP 3 X 16 UC3', 0),
(24000128, 'BTB 4 X 10 MC3', 0),
(24000129, 'BTN 4.5 X M3X16-7 ZK TORX LT', 0),
(24000130, 'BTP 3 X 16 MC3', 0),
(24000131, 'BTN 3 X 6 MC3 D8T0.5', 0),
(24000132, 'BTB 4 X 20 MC3', 0),
(24000133, 'PTZ 3 X 12 MC D8T1', 0),
(24000134, 'STW 6 X 16 UC RATA', 0),
(24000135, 'BTB 3 X 8 MC3', 0),
(24000136, 'BTB 3 X 8 EB', 0),
(24000137, 'BTB 3 X 6 MC3', 0),
(24000138, 'BTB 3 X 6 EB', 0),
(24000139, 'BTB 3 X 16 EB', 0),
(24000140, 'STB 3 X 8 EB', 0),
(24000141, 'BTB 3 X 12 EB', 0),
(24000142, 'BTB 4 X 16 EB', 0),
(24000143, 'STW 5 X 16 MC3', 0),
(24000144, 'STW 6 X 16 MC3 RATA', 0),
(24000145, 'BTB 4 X 8 MC3', 0),
(24000146, 'BTB 3 X 10 MC', 0),
(24000147, 'BTF 3 X 8 MC', 0),
(24000148, 'BTB 4 X 16 MC3', 0),
(24000149, 'BTV 3 X 16 MC3', 0),
(24000150, 'STT W/S 4 X 10 MC3', 0),
(24000151, 'BTB 4 X 12 MC3', 0),
(24000152, 'STF 3 X 10 ZK', 0),
(24000153, 'PTB 3 X 10 MC', 0),
(24000154, 'BTB 3 X 14 MC', 0),
(24000155, 'PTB 2.6 X 8 MC', 0),
(24000156, 'PTB 3 X 12 MC', 0),
(24000157, 'PTB 3 X 20 MC', 0),
(24000158, 'PTF 3 X 10 MC', 0),
(24000159, 'BTP 3 X 6 EB', 0),
(24000160, 'BTP 3 X 8 EB', 0),
(24000161, 'BTP 3 X 10 EB', 0),
(24000162, 'BTP 3 X 12 EB', 0),
(24000163, 'BTN 3 X 8 EB D8T1', 0),
(24000164, 'BTN 3 X 10 EB D8T1', 0),
(24000165, 'BTN 3 X 12 EB D8T1', 0),
(24000166, 'BTN 3 X 8 MC D8T0.5', 0),
(24000167, 'PTT 4 X 12 EB', 0),
(24000168, 'PTB 3 X 25-18 MC', 0),
(24000169, 'PTB 3 X 8 MC3', 0),
(24000170, 'PTZ 3 X 12 EB D8T1', 0),
(24000171, 'PTT 4 X 16 EB', 0),
(24000172, 'PTT 4 X 10 EB', 0),
(24000173, 'PTV 3 X 12 EB', 0),
(24000174, 'PTZ 3 X 10 EB D8T1', 0),
(24000175, 'BTN 3 X 6 EB D8T1', 0),
(24000176, 'BTF 3 X 14 MC3', 0),
(24000177, 'PTV 3 X 10 EB', 0),
(24000178, 'PTP 4 X 16 MC3', 0),
(24000179, 'PTV 3 X 16 EB', 0),
(24000180, 'PTV 3 X 12 MC3', 0),
(24000181, 'PTV 3 X 10 MC3', 0),
(24000182, 'PTV 3 X 8 MC3', 0),
(24000183, 'PTT 4 X 14 EB', 0),
(24000184, 'BTB 4 X 8 ZK', 0),
(24000185, 'STP 3 X 6 EB', 0),
(24000186, 'STW 5 X 16 MC + RATA', 0),
(24000187, 'BTB 4 X 12 EB', 0),
(24000188, 'STB 3 X 6 EB', 0),
(24000189, 'BTB 4 X 10 EB', 0),
(24000190, 'BTB 4 X 15 MC3', 0),
(24000191, 'STB 5 X 12 ZK', 0),
(24000192, 'BTN 3 X 8 MC3 D8T1', 0),
(24000193, 'BTV 4 X 12 EB', 0),
(24000194, 'PTT 4 X 20 EB', 0),
(24000195, 'BTB 3 X 16 MC', 0),
(24000196, 'BTB 4 X 12 NI', 0),
(24000197, 'BTV 3 X 8 MC3', 0),
(24000198, 'STP 3 X 6 MC3', 0),
(24000199, 'BTZ 3 X 12 MC3 D8T0.5', 0),
(24000200, 'BTB 4 X 8 EB', 0),
(24000201, 'STW 6 X 12 MC3', 0),
(24000202, 'STZ W/S 3 X 6 MC3 D8T0.8', 0),
(24000203, 'STW 6 X 20 MC3 RATA', 0),
(24000205, 'PTZ 3 X 16 EB D8T1', 0),
(24000206, 'BTF 3 X 12 NI', 0),
(24000207, 'STN 5 X 10 EB D12T1', 0),
(24000208, 'STB 4 X 10 ZK', 0),
(24000209, 'PTB 4 X 8 EB', 0),
(24000210, 'STN 4 X 10 EB D10T0.8', 0),
(24000211, 'PTB 3 X 8 EB', 0),
(24000212, 'BTB 3 X 6 NI', 0),
(24000213, 'BTB 3 X 12 MC3', 0),
(24000214, 'BTB 4 X 8 NI', 0),
(24000215, 'BTB 3 X 10 MC3', 0),
(24000216, 'STB 5 X 12 EB', 0),
(24000217, 'STP 3 X 12 MC3', 0),
(24000218, 'PTB 4 X 10 MC3', 0),
(24000219, 'STP 3 X 16 MC3', 0),
(24000220, 'STB 4 X 8 EB', 0),
(24000221, 'BTB 3 X 10 EB', 0),
(24000222, 'PTB 3 X 16 MC3', 0),
(24000223, 'PTB 4 X 12 EB', 0),
(24000224, 'PTB 3 X 10 EB', 0),
(24000225, 'PTB 4 X 16 EB', 0),
(24000226, 'PTP 3 X 10 EB', 0),
(24000227, 'PTP 4 X 10 EB', 0),
(24000228, 'STT 4 X 10 MC', 0),
(24000229, 'PTB 3.5 X 16 MC3', 0),
(24000230, 'STB 4 X 10 EB', 0),
(24000231, 'STB 2.5 X 14 MC3', 0),
(24000232, 'STW 5 X 20 MC + FLANGE', 0),
(24000233, 'PTP 2 X 8 MC3', 0),
(24000234, 'STN SPC 4 X 9 EB UR D10T0.9', 0),
(24000235, 'STW 5 X 12 MC3 + RATA', 0),
(24000236, 'PTB 3 X 16 EB', 0),
(24000237, 'BTT 4 X 12 EB', 0),
(24000238, 'PTB 5 X 25 MC3', 0),
(24000239, 'BTF 4 X 20 NC', 0),
(24000240, 'PTB 3 X 6 EB', 0),
(24000241, 'BTP 3 X 14 MC3', 0),
(24000242, 'STT 4 X 10 MC3', 0),
(24000243, 'BTP 4 X 12 MC3', 0),
(24000244, 'STP 3 X 8 CF 8M', 0),
(24000245, 'PTB 3 X 14 EB', 0),
(24000246, 'PTB SPC 3 X 16 MC3', 0),
(24000247, 'PTB SPC 3 X 16 EB', 0),
(24000248, 'BTF 3 X 8 EB', 0),
(24000249, 'PTP 3 X 6 MC3', 0),
(24000250, 'STT 4 X 14 EB', 0),
(24000251, 'BTN 3 X 8 MC3 D8T0.5', 0),
(24000252, 'PTB 4 X 55 MC3', 0),
(24000253, 'PTF 4 X 16 MC3', 0),
(24000254, 'PTN 4 X 25-17 EB D12T1', 0),
(24000255, 'PTB 4 X 10 EB', 0),
(24000256, 'BTB 3 X 20 EB', 0),
(24000257, 'PTP 3 X 8 EB', 0),
(24000258, 'STT SPC 4 X 8 MC3 UR', 0),
(24000259, 'STN 5 X 8 EB D12T1', 0),
(24000260, 'BTP 4 X 14 MC3', 0),
(24000261, 'STP 3 X 8 MC3 8 MICRON', 0),
(24000262, 'BTP 3 X 8 UC', 0),
(24000263, 'BTB 3 X 14 MC3', 0),
(24000264, 'PTZ 3 X 10 MC D10T0.6', 0),
(24000265, 'STF 3 X 6 MC3', 0),
(24000266, 'STB 2 X 8 MC3', 0),
(24000267, 'STT SPC 4 X 9 MC3 UR', 0),
(24000268, 'BTB 4 X 25 EB', 0),
(24000269, 'BTN 3 X 10 MC3 D12T0.8', 0),
(24000270, 'BTN SPC 3 X 10 MC3 D10', 0),
(24000271, 'BTN 3 X 8 CU D8T0.8', 0),
(24000272, 'PTB 3 X 12 EB', 0),
(24000273, 'PTZ 3 X 8 MC3 D10T0.6', 0),
(24000274, 'STB 4 X 6 EB', 0),
(24000275, 'STP 5 X 11 CF TORX -', 0),
(24000276, 'PTB 4 X 16 CF', 0),
(24000277, 'PTB 4 X 20 EB', 0),
(24000278, 'STB 2 X 4 MC3', 0),
(24000279, 'BTP 2 X 5 MC3', 0),
(24000280, 'BTF 3 X 12 MC3', 0),
(24000281, 'BTN 3 X 8 UC D8T1', 0),
(24000282, 'STW 5 X 16 MC3 + RATA', 0),
(24000283, 'PTF 3 X 10 MC3 16A', 0),
(24000284, 'PTP 3 X 8 MC3 16A', 0),
(24000285, 'PTF 3 X 10 EB 16A', 0),
(24000286, 'PTN 3 X 8 EB D8T1', 0),
(24000287, 'PTP 2 X 6 MC3 16A', 0),
(24000288, 'BTB 2 X 8 MC3', 0),
(24000289, 'PTF 3 X 8 EB 16A', 0),
(24000290, 'PTP 3 X 6 MC3 16A', 0),
(24000291, 'PTB 3.5 X 12 EB', 0),
(24000292, 'PTB 4 X 16 MC3', 0),
(24000293, 'PTB 2 X 8 SUS', 0),
(24000294, 'STB 4 X 8 MC3', 0),
(24000295, 'STP 4 X 25 MC3', 0),
(24000296, 'PTZ 3 X 12 MC3 D8T1', 0),
(24000297, 'STR 4 X 10 EB D7.6 TORX', 0),
(24000298, 'PTV 3 X 8 EB', 0),
(24000299, 'PTP 4 X 20 EB', 0),
(24000300, 'PTT 4 X 16 MC3', 0),
(24000301, 'PTT 4 X 12 MC3', 0),
(24000302, 'PTB 3 X 10 MC3 TORX', 0),
(24000303, 'PTB 3 X 20 MC3 TORX', 0),
(24000304, 'PTP 4 X 30 MC3', 0),
(24000305, 'PTB 4 X 12 MC3 TORX D7.5', 0),
(24000306, 'STT 4 X 6 MC3', 0),
(24000307, 'BTN 4 X 20 EB D12.5T0.8', 0),
(24000308, 'BTN 4 X 25-20 EB D11T1', 0),
(24000309, 'PTP 4 X 30 EB', 0),
(24000310, 'PTF 4 X 12 MC3', 0),
(24000311, 'PTP 4 X 25 MC3', 0),
(24000312, 'PTB 3.5 X 10 EB', 0),
(24000313, 'BTZ 3 X 8 UC D8T0.5', 0),
(24000314, 'PTT 5 X 16 MC3', 0),
(24000315, 'PTT 5 X 10 MC3', 0),
(24000316, 'STN 5 X 10 EB D12T1 H3.5', 0),
(24000317, 'STN 3 X 6 MC3 D8T0.8', 0),
(24000318, 'BTF 4 X 10 EB', 0),
(24000319, 'BTB 2.6 X 8 EB', 0),
(24000320, 'STP 4 X 12 MC3 C/3', 0),
(24000321, 'STP SPC 4 X 10 MC3 C/3', 0),
(24000322, 'PTB 3 X 12 MC3', 0),
(24000323, 'STB 3 X 12 EB', 0),
(24000324, 'STB 3 X 16 MC3', 0),
(24000325, 'STP 4 X 20 MC3', 0),
(24000326, 'PTB 3 X 8 BN 16A', 0),
(24000327, 'BTF 3 X 16 EB', 0),
(24000328, 'BTF 3 X 10 EB', 0),
(25000001, '(F)BTV 4 X 12 MC D12T1', 0),
(25000002, '(Q)BTH 5 X 30 MC + D22T3.8', 0),
(25000003, '(F)PTT 4 X 12 ZK D14T0.8', 0),
(25000004, '(F)PTT 4 X 16 ZK D14T0.8', 0),
(25000005, '(F)PTT 4 X 16 ZK D17T0.8', 0),
(25000006, '(Q)DTH 6 X 35 MC +D18T3.9', 0),
(25000007, '(F)PTT 4 X 16 MC D17T0.8', 0),
(25000008, '(C)STT 4 X 10 MC3', 0),
(25000010, '(C)STT 4 X 10 MC', 0),
(25000011, '(F)PTT 4 X 16 MC3 D17T0.8', 0),
(25000012, '(9)DTH 6 X 35 MC  D22T3.9', 0),
(25000013, '(F)PTT 4 X 16 EB D14T0.8', 0),
(25000014, '(F)PTT 4 X 12 EB D14T0.8', 0),
(25000015, '(F)BTB 3 X 8 MC3 D8T0.5', 0),
(25000016, '(C)STT 4 X 14 MC3', 0),
(25000017, '(F)BTV 4 X 12 MC3 D12T1', 0),
(25000018, '(9)DTH 6 X 35 MC3 + D22T3.9', 0),
(25000019, '(Q)DTH 6 X 35 MC3 + D18T3.8', 0),
(25000020, '(W)BTH 3 X 18 MC3 D8T0.5', 0),
(25000021, '(W)BTB 3 X 10 MC3 D8T0.5', 0),
(25000023, '(F)STB 3 X 6 MC3 D8T0.5', 0),
(25000024, '(F)STB 3 X 8 MC3 D8T0.5', 0),
(25000025, '(F)STB 3 X 6 MC3 D7T0.5', 0),
(25000026, '(F)PTB 3 X 16 MC3 D8T0.5', 0),
(25000027, '(F)PTB 3 X 8 MC3 D8T0.5', 0),
(25000028, '(F)PTB 3 X 10 MC3 D6T0.5', 0),
(25000029, '(F)PTB 3 X 8 MC3 D7T0.5', 0),
(25000030, '(M)PTB 4 X 22 MC3 D9T0.8', 0),
(25000031, '(A)PTB 3 X 10 MC3', 0),
(25000032, '(W)PTB 3 X 12 MC3 D6T0.5', 0),
(25000033, '(F)PTB 3 X 10 MC3 D7T0.5', 0),
(25000034, '(F)STP 3 X 6 MC3 D6T0.5', 0),
(25000036, '(W)PTB 3 X 10 MC3 D6T0.5', 0),
(25000037, '(W)PTB 3 X 12 EB D6T0.5', 0),
(25000038, '(F)STB 3 X 8 EB D7T0.5', 0),
(25000039, '(W)STP 3 X 8 MC3 D8T0.5', 0),
(25000040, '(W)BTH 3 X 15 CU D10T1', 0),
(25000041, '(F)STH 6 X 12 MC3 D18T1 TORX', 0),
(25000042, '(F)PTB 3 X 10 MC3 D8T0.5', 0),
(25000043, '(W)STP 3 X 7 NI3 D7T0.5', 0),
(25000044, '(F)PTT SPC 5 X 16 MC3 D20T1.2', 0),
(25000045, '(F)PTB 3 X 10 MC3 D13T1', 0),
(25000046, '(A)PTP 3 X 10 CF', 0),
(25000047, '(W)STP 4 X 12 CF D10T0.8', 0),
(26000001, 'STABP #8 X 1\" SUS', 0),
(26000002, 'STABP #8 X 1/2\" SUS', 0),
(26000003, 'STABT #8 X 1/2\" KZ', 0),
(26000004, 'STABP #8 X 3/8 MC', 0),
(26000005, 'STABF #6 X 1/2 SUS', 0),
(26000006, 'STABP #4 X 3/8 MC -', 0),
(30000001, 'RVK 1.8 X 4 AL', 0),
(30000002, 'RVK 2 X 9 AL', 0),
(30000003, 'RVK 2 X 13.5 AL', 0),
(30000004, 'RVK 2 X 28 AL', 0),
(30000005, 'RVK 3 X 6 UC', 0),
(30000006, 'RVK 3 X 15.5 AL', 0),
(30000007, 'RVK 3 X 16.5 AL', 0),
(30000008, 'RVK 6 X 17 KZ', 0),
(30000009, 'RVK 8 X 11.9 KZ CAMPER', 0),
(30000010, 'RVK 8 X 12 MC', 0),
(30000011, 'SRK 3 X 10 CU', 0),
(30000012, 'SRK 4 X 5 AL', 0),
(30000013, 'SRK 4 X 12 CU', 0),
(30000014, 'SRK 4 X 12 UC H4.8', 0),
(30000015, 'SRK 5 X 15 UC', 0),
(30000016, 'SRK 5 X 27.5 BC', 0),
(30000017, 'SRT 2 X 11 AL', 0),
(30000018, 'SRT 5 X 10 UC', 0),
(30000019, 'SRT 5 X 23 KZ', 0),
(30000020, 'SRT 5 X 25 KZ', 0),
(30000021, 'SRT 5 X 26 KZ', 0),
(30000022, 'SRT 5 X 26 NI', 0),
(30000023, 'SRT 5 X 26 UC', 0),
(30000024, 'SRT 5 X 28 KZ', 0),
(30000025, 'SRT 5 X 28 UC', 0),
(30000026, 'RVK SQ 5 X 11.3 KZ', 0),
(30000027, 'SRK 4 X 9.5 CU', 0),
(30000028, 'RVR 6 X 12.2 KZ', 0),
(30000029, 'RVR 6 X 15.2 UC H3.2', 0),
(30000030, 'RVR 6 X 18.7 MC H3.2', 0),
(30000031, 'SRK 4 X 3X24 NI', 0),
(30000032, 'RVR 6 X 16 KZ', 0),
(30000033, 'RVR 6 X 26 KZ', 0),
(30000034, 'PIN 2 X 30 KZ', 0),
(30000035, 'RVK 2.47 X 15.4 BC', 0),
(30000036, 'PIN 2.4 X 45 KZ', 0),
(30000037, 'SRK 4 X 5.5 AL', 0),
(30000038, 'RVT 3 X 10 AL', 0),
(30000039, 'SRT 3 X 16.5 AL', 0),
(30000040, 'DUPLO 3.5 X 4X11.5 KZ', 0),
(30000041, 'SRF 5 X 18.75-3.7 KZ', 0),
(30000042, 'RVK 5.8 X 4.9X16.3 KZ', 0),
(30000043, 'RVF 4 X 16 AL', 0),
(30000044, 'RVK 6 X 14 KZ', 0),
(30000045, 'RVK 8 X 13.5 KZ', 0),
(30000046, 'RVK 8 X 66 KZ', 0),
(30000047, 'RVK 2.5 X 14 KZ', 0),
(30000048, 'RVK 5 X 13 ZK', 0),
(30000049, 'SRK 4 X 12 KZ H4.8', 0),
(30000050, 'RVR 4 X 12 KZ', 0),
(30000051, 'RVK 8 X 10 KZ', 0),
(30000052, 'RVK 4 X 17 AL', 0),
(30000053, 'RVK 6.4 X 50 MC3', 0),
(30000054, 'SRT 3 X 6 NC', 0),
(30000055, 'SRT 3 X 7 NC', 0),
(30000056, 'RVK 3 X 6 KZ', 0),
(30000057, 'RVK 4 X 17 AL D6', 0),
(30000058, 'SRT 2.5 X 7 NC', 0),
(30000059, 'SRT 3 X 8.5 NC', 0),
(30000060, 'SRT 4 X 13 NC', 0),
(30000061, 'RVK 6 X 18 KZ', 0),
(30000062, 'PIN 2.6 X 40 KZ', 0),
(30000063, 'SRT 3.4 X 8.5 NC', 0),
(30000064, 'PIN 2 X 50 KZ', 0),
(30000065, 'RVR 6 X 20 KZ', 0),
(30000066, 'RVK 2.9 X 5 AL', 0),
(30000067, 'RVR 2.6 X 34 BC', 0),
(30000068, 'RVK 5 X 28 BC', 0),
(30000069, 'SRK 2.5 X 4 CU', 0),
(30000070, 'SRK 6 X 9.7 NI', 0),
(30000071, 'SRK 4 X 17.5 KZ', 0),
(30000072, 'RVK 5 X 8.7 KZ', 0),
(30000073, 'RVF 5.7 X 16 KZ', 0),
(30000074, 'HRVK 6 X 18.1 KZ', 0),
(30000075, 'RVF 5.7 X 18.5 KZ', 0),
(30000076, 'RVK 5.8 X 4.9X12.7-8.8 KZ', 0),
(30000077, 'RVF 3.3 X 50 KZ +', 0),
(30000078, 'RVF 3.3 X 50 KZ -', 0),
(30000079, 'SRK 5 X 16 UC', 0),
(30000080, 'RVR 2.6 X 36.6 KZ S20C', 0),
(30000081, 'RVK 6 X 13.2 KZ', 0),
(30000082, 'RVK 7 X 75 MC3', 0),
(30000083, 'RVK 6.97 X 17 KZ', 0),
(30000084, 'RVR 5 X 69.8 SUS', 0),
(30000085, 'RVR 5 X 44.8 SUS', 0),
(30000086, 'RVR 5 X 54.8 SUS', 0),
(30000087, 'RVR 5 X 79.8 SUS', 0),
(30000088, 'RVR 5 X 94.8 SUS', 0),
(30000089, 'RVR 5 X 104.8 SUS', 0),
(30000090, 'RVR 6 X 78 KZ', 0),
(30000091, 'RVR 5 X 14 KZ', 0),
(30000092, 'DUPLO 2 X 31.5 MC', 0),
(30000093, 'SRK 4 X 9.2 BC', 0),
(30000094, 'RFB 4 X 12.7 AL (550)', 0),
(30000095, 'RVK 6 X 12.2 KZ', 0),
(30000096, 'RVP 3.3 X 50 KZ -', 0),
(30000097, 'RVB 3.3 X 50 KZ PZ', 0),
(30000098, 'RVR 8 X 22 KZ', 0),
(30000099, 'RVP 3.3 X 22 KZ -', 0),
(30000100, 'RVK 6 X 10 KZ', 0),
(30000101, 'RVR 8 X 4X3.05X37.6 UC', 0),
(30000102, 'DUPLO 2.2 X 3X9.1 KZ', 0),
(30000103, 'SRK 2.5 X 4 CU D5', 0),
(30000104, 'DUPLO 6.8 X 10X40.5 KZ', 0),
(30000105, 'RVF 5 X 32 MC3', 0),
(30000106, 'RVK 8 X 12 KZ D12', 0),
(30000107, 'RVK 10 X 7.75X11.75 KZ', 0),
(30000108, 'RVR 5 X 25 KZ', 0),
(30000109, 'RVR 6 X 28 KZ', 0),
(30000111, 'SRT 6 X 25 KZ', 0),
(30000112, 'RVK 8 X 5X11.8 KZ', 0),
(30000113, 'RVK 11 X 8X12.3 KZ', 0),
(30000114, 'HRVR 6 X 7.8 KZ', 0),
(30000115, 'SRP 5.5 X 12.5 MC3', 0),
(30000116, 'SRT 5 X 44 KZ', 0),
(30000117, 'DUPLO 10 X 7X12 KZ', 0),
(30000118, 'RVK 10 X 50.3-8 MC', 0),
(30000119, 'RVK 10 X 20-8 MC', 0),
(30000120, 'RVK 10 X 34.5-8 MC', 0),
(30000121, 'RVK 10 X 37-8 MC', 0),
(30000122, 'RVR 9 X 40 KZ', 0),
(30000123, 'RVR 6 X 12 KZ', 0),
(30000124, 'RVK 3.5 X 9.5 AL', 0),
(30000125, 'RVK SPC 6 X 26.2 EB', 0),
(30000126, 'RVK SPC 6 X 26.2 MC3', 0),
(30000127, 'RVK SPC 6 X 30.2 EB', 0),
(30000128, 'RVK SPC 6 X 30.2 MC3', 0),
(30000129, 'SRP 5.5 X 13.5 MC3', 0),
(30000130, 'RVK 12 X 8X22 KZ HOLE', 0),
(30000131, 'RVK 6 X 12 KZ', 0),
(30000132, 'RVK 8 X 15.5 KZ D16', 0),
(30000133, 'RVK 8 X 18 KZ D18', 0),
(30000134, 'RVK 6 X 13 KZ D10', 0),
(30000135, 'RVK 10 X 7X8.2 HO', 0),
(30000136, 'RVK 10 X 7X8.2 EB', 0),
(30000137, 'SRT 6.2 X 16 UC', 0),
(30000138, 'RVK 5 X 12 KZ', 0),
(30000139, 'RVK 6 X 5X23 KZ', 0),
(30000140, 'DUPLO 10 X 10X30 KZ', 0),
(30000141, 'RVK 12 X 67 KZ', 0),
(30000142, 'DUPLO 10 X 9X30 KZ', 0),
(30000143, 'RVF 5 X 8.4 KZ', 0),
(30000144, 'DUPLO 2.2 X 2.6X6.8 KZ', 0),
(30000145, 'RVK 5 X 14.5 KZ', 0),
(30000146, 'RVRS 7 X 19.9 KZ', 0),
(30000147, 'RVR 6 X 14 KZ', 0),
(30000148, 'RVR 11 X 32 KZ', 0),
(30000149, 'RVK 8 X 5X6.3 CF D16', 0),
(30000150, 'SRK 8 X 5.8X10.7 MC3', 0),
(30000151, 'SRK 8 X 5.8X7.3 MC3', 0),
(30000152, 'DUPLO 5 X 7X40 KZ D5', 0),
(30000153, 'RVK 9 X 8X40 KZ D15 UT', 0),
(30000154, 'SRK 2 X 14 MC3', 0),
(30000156, 'RVK 10 X 7X8.7 EB', 0),
(30000157, 'RVP 5 X 27 SUS', 0),
(30000158, 'RVP 5 X 3X29-2 SUS', 0),
(30000159, 'RVK 6 X 15 KZ', 0),
(30000160, 'RVK 10 X 7X8.2 UC', 0),
(30000161, 'RVK 10 X 7X8.7 EB (S)', 0),
(30000162, 'RVR 16 X 38 CF UT', 0),
(30000163, 'RVP 5 X 28.4 SUS 304', 0),
(31000001, 'RVG 5 X 8.5 UC', 0),
(31000002, 'RVKG 7 X M5X16-5.5 UC', 0),
(31000003, 'RVKG 7 X M5X24 UC', 0),
(31000004, 'RVG 5 X 8.5 KZ', 0),
(31000005, 'RVK 4.6 X 10 NI KNURL UT', 0),
(31000006, 'RVKG 7 X M5X24 CF', 0),
(40000001, 'PIN 3.2 X 11.5 KZ', 0),
(40000002, 'PIN 4 X 13.5 MC', 0),
(40000003, 'HOOK 5 X 34 MC', 0),
(40000004, 'SPACER 7.8 X 6.2 X 7 MC', 0),
(40000005, 'SPACER 8.4 X 6.2 X 4.7 UC', 0),
(40000006, 'SPACER 8.5 X 6.5 X 15 MC', 0),
(40000008, 'SPACER 9.5 X 6.3 X 10 MC', 0),
(40000009, 'SPACER 10 X 6.5 X 3 UC', 0),
(40000010, 'SPACER 10 X 7 X 3.9 MC', 0),
(40000011, 'SPC BMK 5 X 15 BC -', 0),
(40000012, 'SPC NUT 19 X M10 X 8 KZ', 0),
(40000013, 'SPC SMH 4 X 21 MC', 0),
(40000014, 'SS 3 X 17 NI', 0),
(40000015, 'SS 4 X 13 NI', 0),
(40000016, 'SS 4 X 20-9 NI', 0),
(40000017, 'SPC PIN 6.7 X 23.6 MC', 0),
(40000018, 'SMR 5-3 X 6.8X30 DC', 0),
(40000019, 'SPACER 8.5 X 6.5 X 12 ZN', 0),
(40000020, 'SPACER 8.5 X 6.5 X 3 ZN', 0),
(40000021, 'PIN 4 X 10 BC', 0),
(40000022, 'SQ NUT 6 X 14 X 3.2 UC', 0),
(40000023, 'COLLAR 6.2 X 11 MC', 0),
(40000024, 'COLLAR 8 X 6.2X11 MC D18', 0),
(40000025, 'PIN 4 X 15.5 BC', 0),
(40000026, 'PIN 5.3 X 26 SUS', 0),
(40000027, 'KONTAK PIN 4.5 X 32.2 BC', 0),
(40000028, 'KONTAK PIN 4.5 X 32 BC', 0),
(40000029, 'SPACER 11 X 5.5X14.1 MC', 0),
(40000030, 'SPACER 6 X 5X6 CU', 0),
(40000031, 'SPACER 11 X 8X13.8 KZ', 0),
(40000032, 'SPACER 11 X 5.5X6.5 MC3', 0),
(40000033, 'SPACER 11 X 5.5X6 MC3', 0),
(40000034, 'PIN 4 X 21 KZ', 0),
(40000035, 'PIN 3 X 54.5 SUS', 0),
(40000036, 'SPACER 16 X 12X9.5X5.7 KZ', 0),
(40000037, 'SPACER 16 X 11X8.8X7 KZ', 0),
(40000038, 'PIN 3 X 44.5 SUS', 0),
(40000039, 'SS 4 X 15-8 NI', 0),
(40000040, 'SS 4 X 17-9 NI', 0),
(40000041, 'SS 4 X 21-10 NI', 0),
(40000042, 'PIN 4.8 X 28 MC3', 0),
(40000043, 'SPC PIN 6.7 X 23.6 MC3', 0),
(40000044, 'SS 4 X 23-10 NI', 0),
(40000045, 'PIN 6 X 17.5 KZ', 0),
(40000046, 'PIN 6 X 26.5 KZ', 0),
(40000047, 'SS 4 X 13-8 NI', 0),
(40000048, 'PIN 8 X 6X6X14.5 KZ', 0),
(40000049, 'SPACER 9 X 6.5X15 UC', 0),
(40000050, 'SPACER 9 X 6.5X8 UC', 0),
(40000051, 'SB 10 X 51-31A GR 9T YIMM', 0),
(40000052, 'SB 8 X 34-20 UC 7T UTR IS2', 0),
(40000053, 'PIN 4 X 15.5 BC D6', 0),
(40000054, 'PIN 6 X 29.8 KZ', 0),
(40000055, 'SB 6 X 24-16 MC 7T UTR KBT', 0),
(40000056, 'SB 8 X 31-20 MC 7T  UTR KBT', 0),
(40000057, 'SB 8 X 66-55 MC 7T  UTR KBT', 0),
(40000058, 'SB 6 X 37-25 EB 7T UTR IS2', 0),
(40000059, 'SB 6 X 24-12 MC3 7T UTR KMI', 0),
(40000060, 'SB 8 X 33-22 MC 7T UTR KBT', 0),
(40000061, 'SB 8 X 38-22 MC3 7T UTR KMI', 0),
(40000062, 'SB 8 X 46-30 MC3 7T UTR KMI', 0),
(40000063, 'KONTAK PIN 4.5 X 32 BC3', 0),
(40000064, 'KONTAK PIN 4.5 X 32.2 BC3', 0),
(40000065, 'CLEVIS PIN 8 X 45 MC3', 0),
(40000066, 'PIN 8 X 6X6X17.5 KZ', 0),
(40000067, 'PIN 4 X 15.5 BC3 D6', 0),
(40000068, 'SPACER 11 X 5.5X14.1 MC3', 0),
(40000069, 'PIN 4 X 10 BC3', 0),
(40000070, 'PIN 4 X 15.5 BC3', 0),
(40000071, 'HEX NUT M16 #1 KZ K22 H9 S40C LEFT \"L\"', 0),
(40000072, 'SB 6 X 24-16 MC3 7T UTR KBT', 0),
(40000073, 'SB 8 X 27-16 MC3 7T UTR KBT', 0),
(40000074, 'SB 8 X 31-20 MC3 7T UTR KBT', 0),
(40000075, 'SB 8 X 33-22 MC3 7T UTR KBT', 0),
(40000076, 'SPC PIN 6.8 X 4.7X6.5X25.5 GM', 0),
(40000077, 'SQ NUT M3 X 6X1.6 MC3', 0),
(40000078, 'SPACER 8.9 X 6.4 X 10 UC', 0),
(40000079, 'SB 8 X 66-55 MC3 7T UTR KBT', 0),
(40000080, 'SB 6 X 37-25 MC3 7T UTR IS2', 0),
(40000081, 'PIN 8 X 5X28 KZ', 0),
(40000082, 'PIN 4 X 35 MC3', 0),
(40000083, 'SPACER 9.5 X 6.5X11.5 CF', 0),
(40000084, 'SPACER 9.5 X 6.5X11 CF', 0),
(40000085, 'PIN 5 X 62 KZ', 0),
(40000086, 'PIN 8 X 6X58.5 KZ', 0),
(40000087, 'SB 10 X 65-50 MC3 7T UTR P1.5/1.25 KBT', 0),
(40000088, 'SPC PIN 6.7 X 23.6 MC3 DR25', 0),
(40000089, 'PIN 8 X 6X22.4 KZ', 0),
(40000090, 'CLEVIS PIN 10 X 160.1 MC3 7T UT', 0),
(40000091, 'SS 4 X 20-9 BC', 0),
(40000092, 'PIN 8 X 5X26 KZ', 0),
(40000093, 'PIN 4 X 13.5 MC3', 0),
(40000094, 'HEX NUT M10 X  MC3 K14 S45C', 0),
(40000095, 'PIN 4 X 81 MC3', 0),
(40000096, 'CLEVIS PIN 10 X 45 KZ', 0),
(40000097, 'CLEVIS PIN 8 X 16 MC3', 0),
(40000098, 'PIN 3 X 98.6 SUS KNURL', 0),
(40000099, 'PIN BOLT 8 X 123.5-30 KZ UT', 0),
(40000100, 'PIN 11 X 18 MC3 HOLE 20K', 0),
(40000101, 'SPC PIN 5 X 23 MC3', 0),
(40000102, 'CLEVIS PIN 10 X 151.3 MC3 7T UT', 0),
(40000103, 'SPACER 16 X 12X21 KZ', 0),
(40000104, 'SPACER 16 X 12x34 KZ', 0),
(50000001, 'WAVE WASHER 10.8 X 19X1.5 KZ', 0),
(50000002, 'CLIP NUT  TAP 5 X 16 ACP', 0),
(50000003, 'CLIP NUT M5 ACP', 0),
(50000004, 'CLIP NUT M5 MC3', 0),
(50000005, 'CLAM HOSE D13 X  CF', 0),
(50000006, 'INTERNAL C RING D28 ACP', 0),
(50000007, 'INTERNAL C RING D30 ACP', 0),
(50000008, 'CIRCLIP 12', 0),
(50000009, 'EXTERNAL C RING D38 ACP', 0),
(50000010, 'EXTERNAL C RING D14 ACP', 0),
(50000011, 'EXTERNAL C RING D24 ACP', 0),
(50000012, 'PUSH NUT M2 SUS', 0),
(50000013, 'CLIP NUT M4 SUS', 0),
(50000014, 'PUSH NUT FSPN-2 SUS', 0),
(50000015, 'INTERNAL C RING D40 ACP', 0),
(50000016, 'EXTERNAL C RING D13 ACP', 0),
(50000017, 'HEX NUT M12 GR H7', 0),
(50000018, 'HEX NUT M12 #1 GR H6 K17 7T', 0),
(50000019, 'PUST NUT M3-4T  X  SUS D12', 0),
(50000020, 'WAVE WASHER 10.8 X 19X0.25 KZ', 0),
(50000021, 'CLIP NUT TAP M4 X  ACP', 0),
(50000022, 'CLIP NUT M6 X 1.0 SUS', 0),
(50000023, 'DSW 10.2 X 20X1 ACP', 0),
(50000024, 'DSW 16 X 24X1.4 ACP', 0),
(50000025, 'INTERNAL WASHER M6.9 X  ACP', 0),
(50000026, 'PUSH NUT  SPN-2  X  SUS', 0),
(50000027, 'FLG NUT W/O 10 X 19 MC3 S45C', 0),
(50000028, 'WAVE WASHER 10.5 X 14.5X0.3 ACP', 0),
(50000029, 'EXTERNAL C RING D8 X  ACP', 0),
(67000001, 'PW 4.45 X 15X2 KZ', 0),
(67000002, 'PW 2.82 X 8X0.5 CU', 0),
(67000003, 'PW 2.68 X 8X0.5 CU', 0),
(67000004, 'PW 2.68 X 7X0.5 CU', 0),
(67000005, 'PW 6 X 13X1 EB', 0),
(67000006, 'PW 6 X 13X1 GR', 0),
(67000007, 'PW 6 X 13X1 MC', 0),
(67000008, 'PW 6 X 13X1 MC3', 0),
(67000009, 'PW 6 X 13X1 UC', 0),
(67000010, 'PW 8.5 X 18X2.3 EB', 0),
(67000011, 'PW 8.5 X 18X2.3 MC3', 0),
(67000012, 'PW 9.3 X 17X2.5 MC3', 0),
(67000013, 'PW 12 X 26X2.3 GR', 0),
(67000014, 'PW 12 X 26X2.3 MC3', 0),
(67000015, 'S-6407-2  X', 0),
(67000016, 'PW 6 X 13X1 CF', 0),
(67000017, 'PW 6 X 13X1 ZK', 0),
(67000018, 'PW 5.35 X 18X1.0 KZ', 0),
(67000019, 'PW 4.45 X 12X0.8 KZ', 0),
(67000020, 'PW 7.2 X 18X2.3 KZ', 0),
(67000021, 'PW 5.35 X 16X1.0 KZ', 0),
(67000022, 'PW 2.68 X 6X0.5 CU', 0),
(67000023, 'SPOT GEAR  X D24T5.5 KZ', 0),
(67000024, 'PW 2.82 X 6X0.5 CU', 0),
(67000025, 'PW 2.82 X 7X0.5 CU', 0),
(67000026, 'PW 5.35 X 16X1.6 KZ', 0),
(67000027, 'PW 5.35 X 13X1 KZ', 0),
(67000028, 'PW 6 X 13X1 KF', 0),
(67000029, 'PW 12 X 26X2.3 KF', 0),
(67000030, 'PW 7.2 X 18X1.6 KZ', 0),
(67000031, 'PW 4.60 X 15.2X2 KZ', 0),
(67000032, 'PW 5.4 X 12.5X1.5 SUS', 0),
(67000033, 'PW 7.3 X 17X1.5 SUS', 0),
(67000034, 'PW 8 X 30X1.6 MC3', 0),
(67000035, 'PW 4 X 8X0.5 MC3', 0),
(67000036, 'PW 12.2 X 18X1 EB', 0),
(67000037, 'PW 3.52 X 10X1 SUS', 0),
(67000038, 'SPOT GEAR 6.1 X 24 X 5.5 KZ', 0),
(70000001, 'SMB 6 X 8 MC3 (S)', 0),
(70000002, 'HSMH 12 X M10X33-17.5 MC3 7T TR UT K14 (S)', 0),
(70000003, 'STB 3 X 6 EB (S)', 0),
(70000004, '(W)SMP 4 X 16 MC3 TORK D8T0.8 (S)', 0),
(70000005, 'STB 3 X 16 MC3 (S)', 0),
(70000006, 'HSMS 5 X 12 CF G9 K10 YIMM (S)', 0),
(70000007, 'HSMR 8 X 30 CF 11.9 SOCK UT (S)', 0),
(70000008, 'HSMS 10 X M10X60-32 KF 11.9 KNURL (S)', 0),
(70000009, 'HSMS 10 X 20 KF 11.9 KNURL UT (S)', 0),
(70000010, 'FB 6 X 12 CF G9 K10 YIMM (S)', 0),
(70000011, 'HSMS 10 X M10X45-32 KF 11.9 KNURL (S)', 0),
(70000012, 'FB 10 X M10X240-26 MC3 K14 P1.25 G9 (S)', 0),
(70000013, 'TSAT 6 X 16 MC3 (S)', 0),
(70000014, '(F)SMH 6 X 14 CF + D14T1 (S)', 0),
(70000015, 'SMF 3 X 20 CF 20K (S)', 0),
(70000016, 'FB 4 X M4X76-13 CF 10.9 UT (S)', 0),
(70000017, 'HSMH 6.3 X M5X26-12 MC3 CROSS TR UT 8.8 (S)', 0),
(70000018, 'TSBAB SPC 5 X 25 CF H3.3 (S)', 0),
(70000019, '(P)SMP 8 X 16 CF 12A (S)', 0),
(70000020, 'TSAN 5 X 20 CF D12T1 (S)', 0),
(70000021, 'SMB 4 X 20 KF 20K (S)', 0),
(70000022, 'HSMR 6 X 12 KF UT SOCK D16 11.9T (S)', 0),
(70000023, 'FB 12 X M12X105-20 KF UT 9.8T K17 (S)', 0),
(70000024, 'TSAB 5 X 14 EB (S)', 0),
(70000025, 'TSBAX 4 X 10 MC3 D11T1.2 (S)', 0),
(70000026, 'SPC PIN 9 X 17.8 GM KNURL (S)', 0),
(70000027, 'TSBP 3 X 10 MC3 D7 (S)', 0),
(70000028, 'HSMH 8 X 15 MC TR UT K12 G7 (S)', 0),
(70000029, '(W)SMB 4 X 8 MC3 18A D10T0.8 (S)', 0),
(70000030, '(W)UMH 6 X 16 SUS TR UT D13T1 (S)', 0),
(70000031, 'WELD BOLT SPC 8 X 35 KZ 6T UT D16 (S)', 0),
(70000032, 'HSMH 8 X 25 MC TR G7 K12 (S)', 0),
(70000034, 'SMP 6 X 40 MC3 (S)', 0),
(70000035, '(W)SMP 6 X 14 MC3 D18T1 (S)', 0),
(70000036, 'SMN 3 X 6 EB D8T0.5 (S)', 0),
(70000037, 'CLEVIS PIN 10 X 151.1 MC3 (S)', 0),
(70000038, 'WELD BOLT SPC 6 X 30-27A CF DP D12 6T (S)', 0),
(70000039, 'STP 4 X 12 MC3 C/3 (S)', 0),
(70000040, 'STP SPC 4 X 10 MC3 C/3 (S)', 0),
(70000041, '(A)SMP 5 X 12 CF 20K', 0),
(70000042, 'SMW 5 X 10 EB G4 45K', 0),
(70000043, 'HSMK 10 X M10X38-23 KZ UT P1.25 8.8T (S)', 0),
(70000044, 'HSMK 10 X M10X45-20 KZ 8.8 P1.25 (S)', 0),
(70000045, 'STB 3 X 12 EB (S)', 0),
(70000046, 'SMN 6 X 20 MC3 UT D14 T1.2 C/1 (S)', 0),
(70000047, 'BTB 2.6 X 8 EB (S)', 0),
(70000048, '(W)SMP 3 X 12 MC3 D8T0.5 (S)', 0),
(70000049, 'SMK 3 X M2X5 EB (+) UT (S)', 0),
(70000050, '(W)SMP 4 X 20 EB UT 18A HARDEN D8T0.8 (S', 0),
(70000051, 'TSBK 5 X 3X9.5-5 MC3 C/4 (S)', 0),
(70000052, 'HSMH 12 X 50 MC TR K19 P1.75 G8 (S)', 0),
(70000053, 'RVK 5 X 3.5X4.9 CF (S)', 0),
(70000054, 'WELD BOLT 6 X 9.5X-8A MC3 12A D12.5 TOP (S)', 0),
(70000055, '(F)SMP 4 X 12 CF 20K D8T0.8 (S)', 0),
(70000056, 'TSBAT 4 X 25 CF (S)', 0),
(70000057, '(W)SMH 8 X 20 MC3 4T UR D18T1.6 (S)', 0),
(70000058, 'SMK 8.5 X M5X16-11A GM TORK-T25 (S)', 0),
(70000059, '(W)SMP 4 X 12 CF 20K D8T0.8 (S)', 0),
(70000060, '(P)HSMP 5 X 20 MC3 8.8 CROSS (S)', 0),
(70000061, '(P)HSMP 6 X 20 MC3 8.8 CROSS (S)', 0),
(70000062, 'UMP SPC 3.5 X 10 CF TORK SUS434 (S)', 0),
(70000063, '(F)PTB 3 X 10 MC3 D13T1 (S)', 0),
(70000065, 'STP 5 X 11 MC3 TORK (S)', 0),
(70000066, 'FB 12 X 12X224-18 MC3 UT K14 P1.25 10.9T (S)', 0),
(70000067, 'HSMH 10 X 30 MC UT TR K14 P1.25 G7 (S)', 0),
(70000068, 'HSMH 5 X 20-16 MC3 TR UT G8.8S (S)', 0),
(70000069, '(W)SMH 8 X 20 EB G4 UT D22T1.6 C/1 (S)', 0),
(70000070, 'TSBP 3 X 12 CF (S)', 0),
(70000071, 'TSAF 4 X 15 MC3 (S)', 0),
(70000072, '(F)BTP 4 X 20 MC3 D19T0.8 (S)', 0),
(70000073, '(A)HSMP 5 X 16 KZ 8.8T (S)', 0),
(70000075, 'PTB 3 X 8 BN 16A (S)', 0),
(70000076, 'PTB 3 X 12 EB 16A (S)', 0),
(70000077, 'PTB 3 X 8 EB 16A (S)', 0),
(70000078, '(W)SMB 5 X 12 MC3 18A D12T0.8 (S)', 0),
(70000079, '(W)SMB 4 X 40 MC3 D10T0.8 HRD (S)', 0),
(70000080, '(F)SMP 6 X 35-30 EB D11.8T0.8 (S)', 0),
(70000081, 'TSBAT 4 X 20 KF (S)', 0),
(70000082, 'FB 14 X 45-38 MC3 UT K19 P1.5 10.9T (S)', 0),
(70000083, 'FB 9.5 X M10X35-26 CF UT K14 P1.25 10.9T (S)', 0),
(70000084, 'SMF 4 X M4X41-5.7 KF UT (S)', 0),
(70000085, 'WELD BOLT 6 X M6X14-10 KZ 35K D12 (S)', 0),
(70000086, 'PTT 4 X 14 MC3 (S)', 0),
(70000087, 'WELD BOLT 6 X 22 KZ UT D12 (S)', 0),
(70000088, 'HSMR 5 X 8 CF 11.9 UT SOCK (S)', 0),
(70000089, 'SMH 12 X 75 UC UT TR K19 P1.75 G4 (S)', 0),
(70000090, '(W)HSMH 8 X 25-18 EB G7 K12 D18T1.6 (S)', 0),
(70000091, 'HSMH 10 X 30 ZK UT TR K17 P1.5 G8 (S)', 0),
(70000092, '(F)TSAH 6 X 20 MC3 + D16T1 UNHD (S)', 0),
(70000093, '(W)SMH 5 X 10 CF 20K D10T1 (S)', 0),
(70000094, 'HSMH 8 X M8X30-20 MC G7 TR UT K12 (S)', 0),
(70000095, 'HSMH 10 X M10X40-25 MC G7 TR K14 P1.25 (S)', 0),
(70000096, 'SMH 12 X 30 ZK TR UT K19 P1.75 G4 (S)', 0),
(70000097, 'HSMH 8 X M8X35-25 MC TR UT K12 G7 (S)', 0),
(70000098, 'CLEVIS PIN 10 X 151.1 MC3 7T UT', 0),
(70000099, 'WELD BOLT 6 X 22 KZ UT D12', 0),
(70000100, 'SMB 5 X 20 CF 20K', 0),
(70000101, 'SMB 4 X 10 BN', 0),
(70000102, 'FB 8 X 55-22 CF 7T K10 (S)', 0),
(70000103, 'HSMH 8 X 20 MC TR K12 G7 (S)', 0),
(70000104, 'HSMH 7/16-20 UNF X 38.1-25.4 ZK TR UT (S)', 0),
(70000105, 'HSMK 10 X M8X20-15.5 CF UT SOCK 9.8 TB2430 (S)', 0),
(70000106, 'SMN 5 X 24 MC3 12A TORK D10T1 (S)', 0),
(70000107, 'HSMH 6 X 16 MC3 G8.8S C3 (S)', 0),
(70000108, 'HSMH 8 X 20 CF 7T K12 H5 (S)', 0),
(70000109, 'WELD BOLT SPC 8 X 20 KZ 6T UT D16 (S)', 0),
(70000110, '(F)SMK SQ 5 X M5X18.5-11.45A GM 12A TR DP D14T1.6@', 0),
(70000111, '(A)HSMH 8 X 20 MC3 G7S K12 (S)', 0),
(70000112, '(A)HSMH 10 X 25 MC3 G7S K14 P1.25 (S)', 0),
(70000113, 'WELD BOLT SPC 8 X 40 KZ 6T UT D16 (S)', 0),
(70000114, 'WELD BOLT SPC 8 X 25 KZ 6T D16 (S)', 0),
(70000115, 'BTB 3 X 16 CF (S)', 0),
(70000116, 'RVR 16 X 38 CF UT (S)', 0),
(70000117, 'RVP 5 X 28.4 SUS 304 (S)', 0),
(70000118, 'SMB 6 X 16 KF 20K (S)', 0),
(70000119, 'SMH 6 X 15 MC TR G4 (S)', 0),
(70000120, '(D)SMH 5 X 5X52-34 CF G4 12A UT DT D24T5.5 (S', 0),
(70000121, 'SMF 3.5 X 8 MC3 (S)', 0),
(70000122, 'FB 12 X M8X21.5-11.5 EB UT 8.8 K12 P1.25 (S)', 0),
(70000123, 'FB 12.1 X M8X17.4-12 KZ UT 8.8 K12 P1.25 (S)', 0),
(70000124, 'HSMH 10 X 25 MC TR K14 P1.25 G7 (S)', 0),
(70000125, '(W)HSMP 6 X 15 EB D13T1 8.8T (S)', 0),
(70000126, 'WB SPC 6 X 30-27A CF DP D12 6T (S)', 0),
(70000127, 'HSMW 10 X 20 EB UT K14 P1.25 G7 (S)', 0),
(70000128, 'SMX 6 X 10 MC3 12A D16T1.2 (S)', 0),
(70000129, 'SMB 4 X 14 KF 20K (S)', 0),
(70000130, '(W)SMH SPC 12 X 42 MC3 G4 UT P1.25 D32T3.2 (S)', 0),
(70000131, 'FB 6 X 12 MC3 G7S K10 IS4 (S)', 0),
(70000132, 'FB 6 X 25-18 MC3 G7S K10 IS4 (S)', 0),
(70000133, 'FB 10 X 25 MC3 G7S UT P1.25 IS4 (S)', 0),
(70000134, 'FB 10 X 40-26 MC3 G7S UT P1.25 IS4 (S)', 0),
(70000135, 'HSMH 8 X 25 CF TR G7 K12 (S)', 0),
(70000136, 'WELD BOLT 10 X 32 KZ 8.8T UT D21.5 P1.25 (S)', 0),
(70000137, 'SMN 5 X 8 MC3 D12T1.1 (S)', 0),
(70000138, 'SMX 6 X M6X60-20 MC3 UT D16T1.2 (S)', 0),
(70000139, 'SMF 4 X M4X44.5-8.7 KF UT 20K (S)', 0),
(70000140, 'TSBAT 5 X 12 CF D14 SOCK (S)', 0),
(70000141, 'WELD BOLT 6 X 16 KZ 4T D14 (S)', 0),
(70000142, 'HSMH 10 X M10X40-28 EB G7 TR K14 P1.25 (S)', 0),
(70000143, 'HSMH 10 X 30-20 KZ G8S K14 TR P1.25 (S)', 0),
(70000144, 'WELD BOLT SPC 8 X 16 KZ 6T D16 (S)', 0),
(70000145, 'SMP 4 X 14 EB TB 2361 (S)', 0),
(70000146, '(W)SMP 5 X 14 EB D10T1 (S)', 0),
(70000147, 'FB 10 X 75-26 CF UT K14 P1.25 G10 (S)', 0),
(70000148, 'WELD RIVET 8 X 36.7 KZ UT D18.5 (S)', 0),
(70000149, '(D)SMH 5 X M5X52-34 GM G4 12A UT DT D24T5.5 (S', 0),
(70000150, 'SMP 6 X 14 CF C/2 (S)', 0),
(70000151, 'HSMH 8 X 35 CF 7T K12 (S)', 0),
(70000152, 'HSMH 10 X M10X25-20 CF UT K14 P1.25 G7 (S)', 0),
(70000153, 'HSMH 10 X M10X30-20 CF UT K14 P1.25 G7 (S)', 0),
(70000154, 'HSMH 10 X M10X35-20 CF UT K14 P1.25 G7 (S)', 0),
(70000155, 'TSBT 5 X 16 MC3 (S)', 0),
(70000156, 'RVR 6 X 26 KZ (S)', 0),
(70000157, 'HSMH 10 X 35 CF UT K14 P1.25 G7 (S)', 0),
(70000158, '(F)SMK SQ 5 X M5X18.5-11.45A GM 12A TR (S)', 0),
(70000159, 'RVR 6 X 59 KZ (S)', 0);

-- --------------------------------------------------------

--
-- Struktur dari tabel `m_process_cat`
--

CREATE TABLE `m_process_cat` (
  `m_process_cat_id` tinyint(1) UNSIGNED NOT NULL,
  `m_process_cat_name` varchar(20) NOT NULL
) ENGINE=InnoDB DEFAULT CHARSET=latin1;

--
-- Dumping data untuk tabel `m_process_cat`
--

INSERT INTO `m_process_cat` (`m_process_cat_id`, `m_process_cat_name`) VALUES
(1, 'Heading'),
(2, 'Rolling'),
(3, 'Furnace'),
(4, 'Plating OUT'),
(5, 'Plating IN'),
(6, 'Final Qlty'),
(7, 'Packing'),
(8, 'Welding'),
(9, 'Carbonitrd'),
(10, 'Champer'),
(11, 'Coating'),
(12, 'Cutting'),
(13, 'Drill Cut'),
(14, 'Barrel Vib'),
(15, 'ASFA'),
(16, 'Annealing'),
(17, 'Borring'),
(18, 'Painting'),
(19, 'Autolathe'),
(20, 'Barrel'),
(21, 'Baking'),
(22, 'Buang Bury'),
(23, 'Delivery'),
(24, 'Press Auto'),
(25, 'Press Man'),
(26, 'Roll Assy'),
(27, 'Anti Karat'),
(28, 'Rolling 1'),
(29, 'Rolling 2'),
(30, 'Slotting'),
(31, 'Sortir Jig'),
(32, 'Sortir Msn'),
(33, 'Straighnes'),
(34, 'Tapping'),
(35, 'Tempering'),
(36, 'Trimming'),
(37, 'Turret'),
(38, 'Turret 1'),
(39, 'Turret 2'),
(40, 'Turret 3'),
(41, 'Turret 4'),
(42, 'Turret Eks'),
(43, 'Warehouse'),
(44, 'Washing'),
(45, 'Washing 1'),
(46, 'Washing 2'),
(250, 'Finished Good'),
(251, 'PO Cust N'),
(252, 'PO Cust N1'),
(253, 'Sisa FG'),
(254, 'Sisa All');

-- --------------------------------------------------------

--
-- Struktur dari tabel `m_reason`
--

CREATE TABLE `m_reason` (
  `m_reason_id` smallint(1) UNSIGNED NOT NULL,
  `m_reason_txt` varchar(100) NOT NULL
) ENGINE=InnoDB DEFAULT CHARSET=latin1;

--
-- Dumping data untuk tabel `m_reason`
--

INSERT INTO `m_reason` (`m_reason_id`, `m_reason_txt`) VALUES
(1, 'OK'),
(2, 'SCRAP'),
(3, 'SORTIR ULANG');

-- --------------------------------------------------------

--
-- Struktur dari tabel `s_ci_sessions`
--

CREATE TABLE `s_ci_sessions` (
  `session_id` varchar(40) NOT NULL DEFAULT '0',
  `ip_address` varchar(45) NOT NULL DEFAULT '0',
  `user_agent` varchar(120) NOT NULL,
  `last_activity` int(10) UNSIGNED NOT NULL DEFAULT '0',
  `user_data` text NOT NULL,
  `create_datetime` timestamp NOT NULL DEFAULT CURRENT_TIMESTAMP ON UPDATE CURRENT_TIMESTAMP
) ENGINE=InnoDB DEFAULT CHARSET=latin1;

--
-- Dumping data untuk tabel `s_ci_sessions`
--

INSERT INTO `s_ci_sessions` (`session_id`, `ip_address`, `user_agent`, `last_activity`, `user_data`, `create_datetime`) VALUES
('0a9691711813c6e5960325f9f37d91ca', '::1', 'Mozilla/5.0 (Windows NT 10.0; Win64; x64) AppleWebKit/537.36 (KHTML, like Gecko) Chrome/66.0.3359.139 Safari/537.36', 1526545966, 'a:4:{s:9:\"user_data\";s:0:\"\";s:2:\"id\";s:1:\"1\";s:4:\"nama\";s:13:\"Agus Setiawan\";s:5:\"level\";s:1:\"1\";}', '2018-05-17 08:32:46'),
('0ff2770cb5df28839e04df9095ccdbe5', '::1', 'Mozilla/5.0 (Windows NT 10.0; Win64; x64) AppleWebKit/537.36 (KHTML, like Gecko) Chrome/66.0.3359.181 Safari/537.36', 1526894084, 'a:5:{s:9:\"user_data\";s:0:\"\";s:2:\"id\";s:1:\"1\";s:4:\"nama\";s:13:\"Agus Setiawan\";s:5:\"level\";s:1:\"1\";s:4:\"proc\";s:1:\"0\";}', '2018-05-21 09:14:44'),
('10849f834f006b4261f543aaff791923', '::1', 'Mozilla/5.0 (Windows NT 10.0; Win64; x64) AppleWebKit/537.36 (KHTML, like Gecko) Chrome/66.0.3359.181 Safari/537.36', 1526767018, 'a:5:{s:9:\"user_data\";s:0:\"\";s:2:\"id\";s:1:\"1\";s:4:\"nama\";s:13:\"Agus Setiawan\";s:5:\"level\";s:1:\"1\";s:4:\"proc\";s:1:\"0\";}', '2018-05-19 21:56:58'),
('15dd4bfb0bc877d46bce5ea0ed5a767f', '::1', 'Mozilla/5.0 (Windows NT 10.0; Win64; x64) AppleWebKit/537.36 (KHTML, like Gecko) Chrome/66.0.3359.181 Safari/537.36', 1526709312, 'a:5:{s:9:\"user_data\";s:0:\"\";s:2:\"id\";s:1:\"2\";s:4:\"nama\";s:7:\"Karyadi\";s:5:\"level\";s:1:\"7\";s:4:\"proc\";s:2:\"16\";}', '2018-05-19 05:55:16'),
('2a22e0d74ec944a5ffc54f5a13cf96af', '::1', 'Mozilla/5.0 (Windows NT 10.0; Win64; x64) AppleWebKit/537.36 (KHTML, like Gecko) Chrome/66.0.3359.139 Safari/537.36', 1526631013, 'a:4:{s:9:\"user_data\";s:0:\"\";s:2:\"id\";s:1:\"1\";s:4:\"nama\";s:13:\"Agus Setiawan\";s:5:\"level\";s:1:\"1\";}', '2018-05-18 08:10:13'),
('4378ab03919dec5451c205e4f15c29bf', '::1', 'Mozilla/5.0 (Windows NT 10.0; Win64; x64) AppleWebKit/537.36 (KHTML, like Gecko) Chrome/66.0.3359.181 Safari/537.36', 1527122318, 'a:5:{s:9:\"user_data\";s:0:\"\";s:2:\"id\";s:1:\"1\";s:4:\"nama\";s:13:\"Agus Setiawan\";s:5:\"level\";s:1:\"1\";s:4:\"proc\";s:1:\"0\";}', '2018-05-24 00:38:44'),
('6436f4a3921e3f2fd6a1eb29c57ca625', '::1', 'Mozilla/5.0 (Windows NT 10.0; Win64; x64) AppleWebKit/537.36 (KHTML, like Gecko) Chrome/66.0.3359.181 Safari/537.36', 1526977842, 'a:5:{s:9:\"user_data\";s:0:\"\";s:2:\"id\";s:1:\"1\";s:4:\"nama\";s:13:\"Agus Setiawan\";s:5:\"level\";s:1:\"1\";s:4:\"proc\";s:1:\"0\";}', '2018-05-22 08:30:42'),
('9759b17d854f12429114e37c3fb671e8', '::1', 'Mozilla/5.0 (Windows NT 10.0; Win64; x64) AppleWebKit/537.36 (KHTML, like Gecko) Chrome/66.0.3359.181 Safari/537.36', 1527062438, 'a:5:{s:9:\"user_data\";s:0:\"\";s:2:\"id\";s:1:\"1\";s:4:\"nama\";s:13:\"Agus Setiawan\";s:5:\"level\";s:1:\"1\";s:4:\"proc\";s:1:\"0\";}', '2018-05-23 08:00:38'),
('e9e1607f28f8927fc80d933fd5b3ae3a', '::1', 'Mozilla/5.0 (Windows NT 10.0; Win64; x64) AppleWebKit/537.36 (KHTML, like Gecko) Chrome/66.0.3359.181 Safari/537.36', 1527240360, 'a:5:{s:9:\"user_data\";s:0:\"\";s:2:\"id\";s:1:\"1\";s:4:\"nama\";s:13:\"Agus Setiawan\";s:5:\"level\";s:1:\"1\";s:4:\"proc\";s:1:\"0\";}', '2018-05-25 09:26:00');

-- --------------------------------------------------------

--
-- Struktur dari tabel `t_po`
--

CREATE TABLE `t_po` (
  `t_po_id` int(1) UNSIGNED NOT NULL,
  `t_po_item` int(1) UNSIGNED NOT NULL,
  `t_po_qty` decimal(10,0) NOT NULL,
  `t_po_date` date NOT NULL DEFAULT '0000-00-00'
) ENGINE=InnoDB DEFAULT CHARSET=latin1;

--
-- Dumping data untuk tabel `t_po`
--

INSERT INTO `t_po` (`t_po_id`, `t_po_item`, `t_po_qty`, `t_po_date`) VALUES
(1, 20000476, '800', '2018-05-30'),
(2, 20000476, '700', '2018-06-29'),
(3, 10000001, '23', '2018-05-24');

-- --------------------------------------------------------

--
-- Struktur dari tabel `t_proc`
--

CREATE TABLE `t_proc` (
  `t_proc_id` int(1) UNSIGNED NOT NULL,
  `t_proc_item` int(1) UNSIGNED NOT NULL,
  `t_proc_proc` tinyint(1) UNSIGNED NOT NULL,
  `t_proc_stat` enum('OK','NG') NOT NULL,
  `t_proc_qty` decimal(10,0) NOT NULL DEFAULT '0',
  `t_proc_user` int(1) UNSIGNED NOT NULL,
  `t_proc_source` tinyint(1) UNSIGNED NOT NULL DEFAULT '0',
  `t_proc_reason` smallint(1) UNSIGNED NOT NULL DEFAULT '1',
  `t_proc_time` timestamp NOT NULL DEFAULT CURRENT_TIMESTAMP
) ENGINE=InnoDB DEFAULT CHARSET=latin1;

--
-- Dumping data untuk tabel `t_proc`
--

INSERT INTO `t_proc` (`t_proc_id`, `t_proc_item`, `t_proc_proc`, `t_proc_stat`, `t_proc_qty`, `t_proc_user`, `t_proc_source`, `t_proc_reason`, `t_proc_time`) VALUES
(1, 20000476, 1, 'OK', '1000', 1, 0, 1, '2018-05-23 02:01:33'),
(2, 20000476, 2, 'OK', '900', 1, 0, 1, '2018-05-23 02:03:27'),
(3, 20000476, 1, 'OK', '-900', 1, 0, 1, '2018-05-23 02:03:27'),
(4, 20000476, 3, 'OK', '700', 1, 0, 1, '2018-05-23 02:04:19'),
(5, 20000476, 2, 'OK', '-700', 1, 0, 1, '2018-05-23 02:04:19'),
(6, 20000476, 4, 'OK', '600', 1, 0, 1, '2018-05-23 02:04:59'),
(7, 20000476, 3, 'OK', '-600', 1, 0, 1, '2018-05-23 02:04:59'),
(8, 20000476, 5, 'OK', '550', 1, 0, 1, '2018-05-23 02:05:15'),
(9, 20000476, 4, 'OK', '-550', 1, 0, 1, '2018-05-23 02:05:15'),
(10, 20000476, 6, 'OK', '500', 1, 0, 1, '2018-05-23 02:05:38'),
(11, 20000476, 5, 'OK', '-500', 1, 0, 1, '2018-05-23 02:05:38'),
(12, 20000476, 7, 'OK', '500', 1, 0, 1, '2018-05-23 02:06:19'),
(13, 20000476, 6, 'OK', '-500', 1, 0, 1, '2018-05-23 02:06:19'),
(14, 20000476, 250, 'OK', '500', 1, 0, 1, '2018-05-23 02:06:55'),
(15, 20000476, 7, 'OK', '-500', 1, 0, 1, '2018-05-23 02:06:55'),
(16, 20000477, 1, 'OK', '20000', 1, 0, 1, '2018-05-23 02:59:47'),
(17, 20000477, 2, 'OK', '7000', 1, 0, 1, '2018-05-23 03:01:50'),
(18, 20000477, 1, 'OK', '-7000', 1, 0, 1, '2018-05-23 03:01:50'),
(19, 20000477, 3, 'OK', '5000', 1, 0, 1, '2018-05-23 03:02:56'),
(20, 20000477, 2, 'OK', '-6000', 1, 0, 1, '2018-05-23 03:02:56'),
(21, 20000477, 3, 'NG', '1000', 1, 0, 3, '2018-05-23 03:02:56'),
(22, 20000477, 3, 'OK', '500', 1, 0, 1, '2018-05-23 03:10:43'),
(23, 20000477, 3, 'NG', '-500', 1, 0, 1, '2018-05-23 03:10:43'),
(24, 20000477, 3, 'NG', '-500', 1, 0, 2, '2018-05-23 03:11:12'),
(25, 12000156, 1, 'OK', '10000', 1, 0, 1, '2018-05-23 03:16:28'),
(26, 12000156, 2, 'OK', '10000', 1, 0, 1, '2018-05-23 03:17:11'),
(27, 12000156, 1, 'OK', '-10000', 1, 0, 1, '2018-05-23 03:17:11'),
(28, 12000156, 2, 'OK', '2000', 1, 0, 1, '2018-05-23 03:17:51'),
(29, 20000477, 3, 'OK', '50', 1, 0, 1, '2018-05-23 07:14:22'),
(30, 20000477, 2, 'OK', '-100', 1, 0, 1, '2018-05-23 07:14:22'),
(31, 20000477, 3, 'NG', '50', 1, 0, 3, '2018-05-23 07:14:22');

-- --------------------------------------------------------

--
-- Stand-in structure for view `view_t_po_n`
-- (Lihat di bawah untuk tampilan aktual)
--
CREATE TABLE `view_t_po_n` (
`t_proc_item` int(1) unsigned
,`t_proc_proc` int(3)
,`t_proc_stat` varchar(2)
,`Qty` decimal(10,0)
);

-- --------------------------------------------------------

--
-- Stand-in structure for view `view_t_po_n1`
-- (Lihat di bawah untuk tampilan aktual)
--
CREATE TABLE `view_t_po_n1` (
`t_proc_item` int(1) unsigned
,`t_proc_proc` int(3)
,`t_proc_stat` varchar(2)
,`Qty` decimal(10,0)
);

-- --------------------------------------------------------

--
-- Stand-in structure for view `view_t_proc`
-- (Lihat di bawah untuk tampilan aktual)
--
CREATE TABLE `view_t_proc` (
`t_proc_item` int(1) unsigned
,`t_proc_proc` tinyint(1) unsigned
,`t_proc_stat` enum('OK','NG')
,`Qty` decimal(32,0)
);

-- --------------------------------------------------------

--
-- Stand-in structure for view `view_t_proc_all`
-- (Lihat di bawah untuk tampilan aktual)
--
CREATE TABLE `view_t_proc_all` (
`t_proc_item` int(11) unsigned
,`t_proc_proc` int(3)
,`t_proc_stat` varchar(2)
,`Qty` decimal(54,0)
);

-- --------------------------------------------------------

--
-- Stand-in structure for view `view_t_proc_fg`
-- (Lihat di bawah untuk tampilan aktual)
--
CREATE TABLE `view_t_proc_fg` (
`t_proc_item` int(11) unsigned
,`t_proc_proc` int(3)
,`t_proc_stat` varchar(2)
,`Qty` decimal(54,0)
);

-- --------------------------------------------------------

--
-- Stand-in structure for view `view_t_proc_sum`
-- (Lihat di bawah untuk tampilan aktual)
--
CREATE TABLE `view_t_proc_sum` (
`t_proc_item` int(11) unsigned
,`t_proc_proc` int(11) unsigned
,`t_proc_stat` varchar(2)
,`Qty` decimal(32,0)
);

-- --------------------------------------------------------

--
-- Stand-in structure for view `view_t_proc_total`
-- (Lihat di bawah untuk tampilan aktual)
--
CREATE TABLE `view_t_proc_total` (
`t_proc_item` int(11) unsigned
,`t_proc_proc` int(11)
,`t_proc_stat` varchar(2)
,`Qty` decimal(54,0)
);

-- --------------------------------------------------------

--
-- Struktur untuk view `view_t_po_n`
--
DROP TABLE IF EXISTS `view_t_po_n`;

CREATE ALGORITHM=UNDEFINED DEFINER=`root`@`localhost` SQL SECURITY DEFINER VIEW `view_t_po_n`  AS  select `t_po`.`t_po_item` AS `t_proc_item`,251 AS `t_proc_proc`,'OK' AS `t_proc_stat`,`t_po`.`t_po_qty` AS `Qty` from `t_po` where (month(`t_po`.`t_po_date`) = month(curdate())) ;

-- --------------------------------------------------------

--
-- Struktur untuk view `view_t_po_n1`
--
DROP TABLE IF EXISTS `view_t_po_n1`;

CREATE ALGORITHM=UNDEFINED DEFINER=`root`@`localhost` SQL SECURITY DEFINER VIEW `view_t_po_n1`  AS  select `t_po`.`t_po_item` AS `t_proc_item`,252 AS `t_proc_proc`,'OK' AS `t_proc_stat`,`t_po`.`t_po_qty` AS `Qty` from `t_po` where (month(`t_po`.`t_po_date`) = (month(curdate()) + 1)) ;

-- --------------------------------------------------------

--
-- Struktur untuk view `view_t_proc`
--
DROP TABLE IF EXISTS `view_t_proc`;

CREATE ALGORITHM=UNDEFINED DEFINER=`root`@`localhost` SQL SECURITY DEFINER VIEW `view_t_proc`  AS  select `t_proc`.`t_proc_item` AS `t_proc_item`,`t_proc`.`t_proc_proc` AS `t_proc_proc`,`t_proc`.`t_proc_stat` AS `t_proc_stat`,sum(`t_proc`.`t_proc_qty`) AS `Qty` from `t_proc` where 1 group by `t_proc`.`t_proc_item`,`t_proc`.`t_proc_proc`,`t_proc`.`t_proc_stat` ;

-- --------------------------------------------------------

--
-- Struktur untuk view `view_t_proc_all`
--
DROP TABLE IF EXISTS `view_t_proc_all`;

CREATE ALGORITHM=UNDEFINED DEFINER=`root`@`localhost` SQL SECURITY DEFINER VIEW `view_t_proc_all`  AS  select `view_t_proc_sum`.`t_proc_item` AS `t_proc_item`,254 AS `t_proc_proc`,'OK' AS `t_proc_stat`,sum(`view_t_proc_sum`.`Qty`) AS `Qty` from `view_t_proc_sum` where 1 group by `view_t_proc_sum`.`t_proc_item` ;

-- --------------------------------------------------------

--
-- Struktur untuk view `view_t_proc_fg`
--
DROP TABLE IF EXISTS `view_t_proc_fg`;

CREATE ALGORITHM=UNDEFINED DEFINER=`root`@`localhost` SQL SECURITY DEFINER VIEW `view_t_proc_fg`  AS  select `view_t_proc_sum`.`t_proc_item` AS `t_proc_item`,253 AS `t_proc_proc`,'OK' AS `t_proc_stat`,sum(`view_t_proc_sum`.`Qty`) AS `Qty` from `view_t_proc_sum` where ((`view_t_proc_sum`.`t_proc_proc` = 250) or (`view_t_proc_sum`.`t_proc_proc` = 251)) group by `view_t_proc_sum`.`t_proc_item` ;

-- --------------------------------------------------------

--
-- Struktur untuk view `view_t_proc_sum`
--
DROP TABLE IF EXISTS `view_t_proc_sum`;

CREATE ALGORITHM=UNDEFINED DEFINER=`root`@`localhost` SQL SECURITY DEFINER VIEW `view_t_proc_sum`  AS  select `view_t_proc`.`t_proc_item` AS `t_proc_item`,`view_t_proc`.`t_proc_proc` AS `t_proc_proc`,`view_t_proc`.`t_proc_stat` AS `t_proc_stat`,`view_t_proc`.`Qty` AS `Qty` from `view_t_proc` union all select `view_t_po_n`.`t_proc_item` AS `t_proc_item`,`view_t_po_n`.`t_proc_proc` AS `t_proc_proc`,`view_t_po_n`.`t_proc_stat` AS `t_proc_stat`,-(`view_t_po_n`.`Qty`) AS `Qty` from `view_t_po_n` union all select `view_t_po_n1`.`t_proc_item` AS `t_proc_item`,`view_t_po_n1`.`t_proc_proc` AS `t_proc_proc`,`view_t_po_n1`.`t_proc_stat` AS `t_proc_stat`,-(`view_t_po_n1`.`Qty`) AS `Qty` from `view_t_po_n1` order by `t_proc_proc` ;

-- --------------------------------------------------------

--
-- Struktur untuk view `view_t_proc_total`
--
DROP TABLE IF EXISTS `view_t_proc_total`;

CREATE ALGORITHM=UNDEFINED DEFINER=`root`@`localhost` SQL SECURITY DEFINER VIEW `view_t_proc_total`  AS  select `view_t_proc_all`.`t_proc_item` AS `t_proc_item`,`view_t_proc_all`.`t_proc_proc` AS `t_proc_proc`,`view_t_proc_all`.`t_proc_stat` AS `t_proc_stat`,`view_t_proc_all`.`Qty` AS `Qty` from `view_t_proc_all` union all select `view_t_proc_fg`.`t_proc_item` AS `t_proc_item`,`view_t_proc_fg`.`t_proc_proc` AS `t_proc_proc`,`view_t_proc_fg`.`t_proc_stat` AS `t_proc_stat`,`view_t_proc_fg`.`Qty` AS `Qty` from `view_t_proc_fg` union all select `view_t_proc`.`t_proc_item` AS `t_proc_item`,`view_t_proc`.`t_proc_proc` AS `t_proc_proc`,`view_t_proc`.`t_proc_stat` AS `t_proc_stat`,`view_t_proc`.`Qty` AS `Qty` from `view_t_proc` union all select `view_t_po_n1`.`t_proc_item` AS `t_proc_item`,`view_t_po_n1`.`t_proc_proc` AS `t_proc_proc`,`view_t_po_n1`.`t_proc_stat` AS `t_proc_stat`,`view_t_po_n1`.`Qty` AS `Qty` from `view_t_po_n1` union all select `view_t_po_n`.`t_proc_item` AS `t_proc_item`,`view_t_po_n`.`t_proc_proc` AS `t_proc_proc`,`view_t_po_n`.`t_proc_stat` AS `t_proc_stat`,`view_t_po_n`.`Qty` AS `Qty` from `view_t_po_n` order by `t_proc_proc` ;

--
-- Indexes for dumped tables
--

--
-- Indexes for table `a_group`
--
ALTER TABLE `a_group`
  ADD PRIMARY KEY (`a_group_id`),
  ADD KEY `a_group_level` (`a_group_level`),
  ADD KEY `a_group_menu` (`a_group_menu`);

--
-- Indexes for table `a_level`
--
ALTER TABLE `a_level`
  ADD PRIMARY KEY (`a_level_id`),
  ADD UNIQUE KEY `a_level_name` (`a_level_name`);

--
-- Indexes for table `a_menu`
--
ALTER TABLE `a_menu`
  ADD PRIMARY KEY (`a_menu_id`);

--
-- Indexes for table `a_user`
--
ALTER TABLE `a_user`
  ADD PRIMARY KEY (`a_user_id`),
  ADD UNIQUE KEY `username` (`a_user_username`),
  ADD KEY `a_user_level` (`a_user_level`);

--
-- Indexes for table `m_computer`
--
ALTER TABLE `m_computer`
  ADD PRIMARY KEY (`m_computer_id`),
  ADD UNIQUE KEY `m_computer_ip` (`m_computer_ip`),
  ADD KEY `m_computer_process_cat` (`m_computer_process_cat`);

--
-- Indexes for table `m_item`
--
ALTER TABLE `m_item`
  ADD PRIMARY KEY (`m_item_id`),
  ADD UNIQUE KEY `Nama_Barang` (`m_item_name`),
  ADD KEY `item_id` (`m_item_id`),
  ADD KEY `m_item_name` (`m_item_name`);

--
-- Indexes for table `m_process_cat`
--
ALTER TABLE `m_process_cat`
  ADD PRIMARY KEY (`m_process_cat_id`);

--
-- Indexes for table `m_reason`
--
ALTER TABLE `m_reason`
  ADD PRIMARY KEY (`m_reason_id`);

--
-- Indexes for table `s_ci_sessions`
--
ALTER TABLE `s_ci_sessions`
  ADD PRIMARY KEY (`session_id`,`ip_address`),
  ADD KEY `last_activity_idx` (`last_activity`);

--
-- Indexes for table `t_po`
--
ALTER TABLE `t_po`
  ADD PRIMARY KEY (`t_po_id`),
  ADD KEY `t_po_item` (`t_po_item`);

--
-- Indexes for table `t_proc`
--
ALTER TABLE `t_proc`
  ADD PRIMARY KEY (`t_proc_id`),
  ADD KEY `t_trans_item` (`t_proc_item`),
  ADD KEY `t_trans_proc_form` (`t_proc_proc`),
  ADD KEY `t_trans_user` (`t_proc_user`),
  ADD KEY `t_proc_reason` (`t_proc_reason`);

--
-- AUTO_INCREMENT for dumped tables
--

--
-- AUTO_INCREMENT for table `a_group`
--
ALTER TABLE `a_group`
  MODIFY `a_group_id` int(1) UNSIGNED NOT NULL AUTO_INCREMENT, AUTO_INCREMENT=144;

--
-- AUTO_INCREMENT for table `a_level`
--
ALTER TABLE `a_level`
  MODIFY `a_level_id` int(1) UNSIGNED NOT NULL AUTO_INCREMENT, AUTO_INCREMENT=8;

--
-- AUTO_INCREMENT for table `a_menu`
--
ALTER TABLE `a_menu`
  MODIFY `a_menu_id` int(1) UNSIGNED NOT NULL AUTO_INCREMENT, AUTO_INCREMENT=67;

--
-- AUTO_INCREMENT for table `a_user`
--
ALTER TABLE `a_user`
  MODIFY `a_user_id` int(1) UNSIGNED NOT NULL AUTO_INCREMENT, AUTO_INCREMENT=5;

--
-- AUTO_INCREMENT for table `m_computer`
--
ALTER TABLE `m_computer`
  MODIFY `m_computer_id` int(1) UNSIGNED NOT NULL AUTO_INCREMENT, AUTO_INCREMENT=24;

--
-- AUTO_INCREMENT for table `m_process_cat`
--
ALTER TABLE `m_process_cat`
  MODIFY `m_process_cat_id` tinyint(1) UNSIGNED NOT NULL AUTO_INCREMENT, AUTO_INCREMENT=255;

--
-- AUTO_INCREMENT for table `m_reason`
--
ALTER TABLE `m_reason`
  MODIFY `m_reason_id` smallint(1) UNSIGNED NOT NULL AUTO_INCREMENT, AUTO_INCREMENT=4;

--
-- AUTO_INCREMENT for table `t_po`
--
ALTER TABLE `t_po`
  MODIFY `t_po_id` int(1) UNSIGNED NOT NULL AUTO_INCREMENT, AUTO_INCREMENT=4;

--
-- AUTO_INCREMENT for table `t_proc`
--
ALTER TABLE `t_proc`
  MODIFY `t_proc_id` int(1) UNSIGNED NOT NULL AUTO_INCREMENT, AUTO_INCREMENT=32;

--
-- Ketidakleluasaan untuk tabel pelimpahan (Dumped Tables)
--

--
-- Ketidakleluasaan untuk tabel `a_group`
--
ALTER TABLE `a_group`
  ADD CONSTRAINT `a_group_ibfk_1` FOREIGN KEY (`a_group_menu`) REFERENCES `a_menu` (`a_menu_id`) ON DELETE CASCADE ON UPDATE CASCADE,
  ADD CONSTRAINT `a_group_ibfk_2` FOREIGN KEY (`a_group_level`) REFERENCES `a_level` (`a_level_id`) ON DELETE CASCADE ON UPDATE CASCADE;

--
-- Ketidakleluasaan untuk tabel `a_user`
--
ALTER TABLE `a_user`
  ADD CONSTRAINT `a_user_ibfk_1` FOREIGN KEY (`a_user_level`) REFERENCES `a_level` (`a_level_id`);

--
-- Ketidakleluasaan untuk tabel `m_computer`
--
ALTER TABLE `m_computer`
  ADD CONSTRAINT `m_computer_ibfk_1` FOREIGN KEY (`m_computer_process_cat`) REFERENCES `m_process_cat` (`m_process_cat_id`);

--
-- Ketidakleluasaan untuk tabel `t_po`
--
ALTER TABLE `t_po`
  ADD CONSTRAINT `t_po_ibfk_1` FOREIGN KEY (`t_po_item`) REFERENCES `m_item` (`m_item_id`);

--
-- Ketidakleluasaan untuk tabel `t_proc`
--
ALTER TABLE `t_proc`
  ADD CONSTRAINT `t_proc_ibfk_1` FOREIGN KEY (`t_proc_item`) REFERENCES `m_item` (`m_item_id`),
  ADD CONSTRAINT `t_proc_ibfk_2` FOREIGN KEY (`t_proc_proc`) REFERENCES `m_process_cat` (`m_process_cat_id`),
  ADD CONSTRAINT `t_proc_ibfk_4` FOREIGN KEY (`t_proc_user`) REFERENCES `a_user` (`a_user_id`),
  ADD CONSTRAINT `t_proc_ibfk_5` FOREIGN KEY (`t_proc_reason`) REFERENCES `m_reason` (`m_reason_id`);
COMMIT;

/*!40101 SET CHARACTER_SET_CLIENT=@OLD_CHARACTER_SET_CLIENT */;
/*!40101 SET CHARACTER_SET_RESULTS=@OLD_CHARACTER_SET_RESULTS */;
/*!40101 SET COLLATION_CONNECTION=@OLD_COLLATION_CONNECTION */;
